route,viewport_width,passed,visible_images,overflow_px,page_exceptions,console_errors,source_commit,workflow_run
/,320,True,9,0,0,0,0d5114a91df55c09b51cd13246967ff0f245cc87,34520559493
/,390,True,9,0,0,0,0d5114a91df55c09b51cd13246967ff0f245cc87,34520559493
/,430,True,9,0,0,0,0d5114a91df55c09b51cd13246967ff0f245cc87,34520559493
/,600,True,9,0,0,0,0d5114a91df55c09b51cd13246967ff0f245cc87,34520559493
/,768,True,9,0,0,0,0d5114a91df55c09b51cd13246967ff0f245cc87,34520559493
/,1024,True,10,0,0,0,0d5114a91df55c09b51cd13246967ff0f245cc87,34520559493
/,1366,True,10,0,0,0,0d5114a91df55c09b51cd13246967ff0f245cc87,34520559493
/,1440,True,10,0,0,0,0d5114a91df55c09b51cd13246967ff0f245cc87,34520559493
/,1920,True,10,0,0,0,0d5114a91df55c09b51cd13246967ff0f245cc87,34520559493
/about,320,True,15,0,0,0,0d5114a91df55c09b51cd13246967ff0f245cc87,34520559493
/about,390,True,15,0,0,0,0d5114a91df55c09b51cd13246967ff0f245cc87,34520559493
/about,430,True,15,0,0,0,0d5114a91df55c09b51cd13246967ff0f245cc87,34520559493
/about,600,True,15,0,0,0,0d5114a91df55c09b51cd13246967ff0f245cc87,34520559493
/about,768,True,15,0,0,0,0d5114a91df55c09b51cd13246967ff0f245cc87,34520559493
/about,1024,True,16,0,0,0,0d5114a91df55c09b51cd13246967ff0f245cc87,34520559493
/about,1366,True,16,0,0,0,0d5114a91df55c09b51cd13246967ff0f245cc87,34520559493
/about,1440,True,16,0,0,0,0d5114a91df55c09b51cd13246967ff0f245cc87,34520559493
/about,1920,True,16,0,0,0,0d5114a91df55c09b51cd13246967ff0f245cc87,34520559493
/areas,320,True,12,0,0,0,0d5114a91df55c09b51cd13246967ff0f245cc87,34520559493
/areas,390,True,12,0,0,0,0d5114a91df55c09b51cd13246967ff0f245cc87,34520559493
/areas,430,True,12,0,0,0,0d5114a91df55c09b51cd13246967ff0f245cc87,34520559493
/areas,600,True,12,0,0,0,0d5114a91df55c09b51cd13246967ff0f245cc87,34520559493
/areas,768,True,12,0,0,0,0d5114a91df55c09b51cd13246967ff0f245cc87,34520559493
/areas,1024,True,12,0,0,0,0d5114a91df55c09b51cd13246967ff0f245cc87,34520559493
/areas,1366,True,12,0,0,0,0d5114a91df55c09b51cd13246967ff0f245cc87,34520559493
/areas,1440,True,12,0,0,0,0d5114a91df55c09b51cd13246967ff0f245cc87,34520559493
/areas,1920,True,12,0,0,0,0d5114a91df55c09b51cd13246967ff0f245cc87,34520559493
/areas/boise,320,True,4,0,0,0,0d5114a91df55c09b51cd13246967ff0f245cc87,34520559493
/areas/boise,390,True,4,0,0,0,0d5114a91df55c09b51cd13246967ff0f245cc87,34520559493
/areas/boise,430,True,4,0,0,0,0d5114a91df55c09b51cd13246967ff0f245cc87,34520559493
/areas/boise,600,True,4,0,0,0,0d5114a91df55c09b51cd13246967ff0f245cc87,34520559493
/areas/boise,768,True,4,0,0,0,0d5114a91df55c09b51cd13246967ff0f245cc87,34520559493
/areas/boise,1024,True,4,0,0,0,0d5114a91df55c09b51cd13246967ff0f245cc87,34520559493
/areas/boise,1366,True,4,0,0,0,0d5114a91df55c09b51cd13246967ff0f245cc87,34520559493
/areas/boise,1440,True,4,0,0,0,0d5114a91df55c09b51cd13246967ff0f245cc87,34520559493
/areas/boise,1920,True,4,0,0,0,0d5114a91df55c09b51cd13246967ff0f245cc87,34520559493
/areas/caldwell,320,True,4,0,0,0,0d5114a91df55c09b51cd13246967ff0f245cc87,34520559493
/areas/caldwell,390,True,4,0,0,0,0d5114a91df55c09b51cd13246967ff0f245cc87,34520559493
/areas/caldwell,430,True,4,0,0,0,0d5114a91df55c09b51cd13246967ff0f245cc87,34520559493
/areas/caldwell,600,True,4,0,0,0,0d5114a91df55c09b51cd13246967ff0f245cc87,34520559493
/areas/caldwell,768,True,4,0,0,0,0d5114a91df55c09b51cd13246967ff0f245cc87,34520559493
/areas/caldwell,1024,True,4,0,0,0,0d5114a91df55c09b51cd13246967ff0f245cc87,34520559493
/areas/caldwell,1366,True,4,0,0,0,0d5114a91df55c09b51cd13246967ff0f245cc87,34520559493
/areas/caldwell,1440,True,4,0,0,0,0d5114a91df55c09b51cd13246967ff0f245cc87,34520559493
/areas/caldwell,1920,True,4,0,0,0,0d5114a91df55c09b51cd13246967ff0f245cc87,34520559493
/areas/eagle,320,True,4,0,0,0,0d5114a91df55c09b51cd13246967ff0f245cc87,34520559493
/areas/eagle,390,True,4,0,0,0,0d5114a91df55c09b51cd13246967ff0f245cc87,34520559493
/areas/eagle,430,True,4,0,0,0,0d5114a91df55c09b51cd13246967ff0f245cc87,34520559493
/areas/eagle,600,True,4,0,0,0,0d5114a91df55c09b51cd13246967ff0f245cc87,34520559493
/areas/eagle,768,True,4,0,0,0,0d5114a91df55c09b51cd13246967ff0f245cc87,34520559493
/areas/eagle,1024,True,4,0,0,0,0d5114a91df55c09b51cd13246967ff0f245cc87,34520559493
/areas/eagle,1366,True,4,0,0,0,0d5114a91df55c09b51cd13246967ff0f245cc87,34520559493
/areas/eagle,1440,True,4,0,0,0,0d5114a91df55c09b51cd13246967ff0f245cc87,34520559493
/areas/eagle,1920,True,4,0,0,0,0d5114a91df55c09b51cd13246967ff0f245cc87,34520559493
/areas/garden-city,320,True,4,0,0,0,0d5114a91df55c09b51cd13246967ff0f245cc87,34520559493
/areas/garden-city,390,True,4,0,0,0,0d5114a91df55c09b51cd13246967ff0f245cc87,34520559493
/areas/garden-city,430,True,4,0,0,0,0d5114a91df55c09b51cd13246967ff0f245cc87,34520559493
/areas/garden-city,600,True,4,0,0,0,0d5114a91df55c09b51cd13246967ff0f245cc87,34520559493
/areas/garden-city,768,True,4,0,0,0,0d5114a91df55c09b51cd13246967ff0f245cc87,34520559493
/areas/garden-city,1024,True,4,0,0,0,0d5114a91df55c09b51cd13246967ff0f245cc87,34520559493
/areas/garden-city,1366,True,4,0,0,0,0d5114a91df55c09b51cd13246967ff0f245cc87,34520559493
/areas/garden-city,1440,True,4,0,0,0,0d5114a91df55c09b51cd13246967ff0f245cc87,34520559493
/areas/garden-city,1920,True,4,0,0,0,0d5114a91df55c09b51cd13246967ff0f245cc87,34520559493
/areas/kuna,320,True,4,0,0,0,0d5114a91df55c09b51cd13246967ff0f245cc87,34520559493
/areas/kuna,390,True,4,0,0,0,0d5114a91df55c09b51cd13246967ff0f245cc87,34520559493
/areas/kuna,430,True,4,0,0,0,0d5114a91df55c09b51cd13246967ff0f245cc87,34520559493
/areas/kuna,600,True,4,0,0,0,0d5114a91df55c09b51cd13246967ff0f245cc87,34520559493
/areas/kuna,768,True,4,0,0,0,0d5114a91df55c09b51cd13246967ff0f245cc87,34520559493
/areas/kuna,1024,True,4,0,0,0,0d5114a91df55c09b51cd13246967ff0f245cc87,34520559493
/areas/kuna,1366,True,4,0,0,0,0d5114a91df55c09b51cd13246967ff0f245cc87,34520559493
/areas/kuna,1440,True,4,0,0,0,0d5114a91df55c09b51cd13246967ff0f245cc87,34520559493
/areas/kuna,1920,True,4,0,0,0,0d5114a91df55c09b51cd13246967ff0f245cc87,34520559493
/areas/meridian,320,True,4,0,0,0,0d5114a91df55c09b51cd13246967ff0f245cc87,34520559493
/areas/meridian,390,True,4,0,0,0,0d5114a91df55c09b51cd13246967ff0f245cc87,34520559493
/areas/meridian,430,True,4,0,0,0,0d5114a91df55c09b51cd13246967ff0f245cc87,34520559493
/areas/meridian,600,True,4,0,0,0,0d5114a91df55c09b51cd13246967ff0f245cc87,34520559493
/areas/meridian,768,True,4,0,0,0,0d5114a91df55c09b51cd13246967ff0f245cc87,34520559493
/areas/meridian,1024,True,4,0,0,0,0d5114a91df55c09b51cd13246967ff0f245cc87,34520559493
/areas/meridian,1366,True,4,0,0,0,0d5114a91df55c09b51cd13246967ff0f245cc87,34520559493
/areas/meridian,1440,True,4,0,0,0,0d5114a91df55c09b51cd13246967ff0f245cc87,34520559493
/areas/meridian,1920,True,4,0,0,0,0d5114a91df55c09b51cd13246967ff0f245cc87,34520559493
/areas/middleton,320,True,4,0,0,0,0d5114a91df55c09b51cd13246967ff0f245cc87,34520559493
/areas/middleton,390,True,4,0,0,0,0d5114a91df55c09b51cd13246967ff0f245cc87,34520559493
/areas/middleton,430,True,4,0,0,0,0d5114a91df55c09b51cd13246967ff0f245cc87,34520559493
/areas/middleton,600,True,4,0,0,0,0d5114a91df55c09b51cd13246967ff0f245cc87,34520559493
/areas/middleton,768,True,4,0,0,0,0d5114a91df55c09b51cd13246967ff0f245cc87,34520559493
/areas/middleton,1024,True,4,0,0,0,0d5114a91df55c09b51cd13246967ff0f245cc87,34520559493
/areas/middleton,1366,True,4,0,0,0,0d5114a91df55c09b51cd13246967ff0f245cc87,34520559493
/areas/middleton,1440,True,4,0,0,0,0d5114a91df55c09b51cd13246967ff0f245cc87,34520559493
/areas/middleton,1920,True,4,0,0,0,0d5114a91df55c09b51cd13246967ff0f245cc87,34520559493
/areas/nampa,320,True,4,0,0,0,0d5114a91df55c09b51cd13246967ff0f245cc87,34520559493
/areas/nampa,390,True,4,0,0,0,0d5114a91df55c09b51cd13246967ff0f245cc87,34520559493
/areas/nampa,430,True,4,0,0,0,0d5114a91df55c09b51cd13246967ff0f245cc87,34520559493
/areas/nampa,600,True,4,0,0,0,0d5114a91df55c09b51cd13246967ff0f245cc87,34520559493
/areas/nampa,768,True,4,0,0,0,0d5114a91df55c09b51cd13246967ff0f245cc87,34520559493
/areas/nampa,1024,True,4,0,0,0,0d5114a91df55c09b51cd13246967ff0f245cc87,34520559493
/areas/nampa,1366,True,4,0,0,0,0d5114a91df55c09b51cd13246967ff0f245cc87,34520559493
/areas/nampa,1440,True,4,0,0,0,0d5114a91df55c09b51cd13246967ff0f245cc87,34520559493
/areas/nampa,1920,True,4,0,0,0,0d5114a91df55c09b51cd13246967ff0f245cc87,34520559493
/areas/star,320,True,4,0,0,0,0d5114a91df55c09b51cd13246967ff0f245cc87,34520559493
/areas/star,390,True,4,0,0,0,0d5114a91df55c09b51cd13246967ff0f245cc87,34520559493
/areas/star,430,True,4,0,0,0,0d5114a91df55c09b51cd13246967ff0f245cc87,34520559493
/areas/star,600,True,4,0,0,0,0d5114a91df55c09b51cd13246967ff0f245cc87,34520559493
/areas/star,768,True,4,0,0,0,0d5114a91df55c09b51cd13246967ff0f245cc87,34520559493
/areas/star,1024,True,4,0,0,0,0d5114a91df55c09b51cd13246967ff0f245cc87,34520559493
/areas/star,1366,True,4,0,0,0,0d5114a91df55c09b51cd13246967ff0f245cc87,34520559493
/areas/star,1440,True,4,0,0,0,0d5114a91df55c09b51cd13246967ff0f245cc87,34520559493
/areas/star,1920,True,4,0,0,0,0d5114a91df55c09b51cd13246967ff0f245cc87,34520559493
/blog,320,True,38,0,0,0,0d5114a91df55c09b51cd13246967ff0f245cc87,34520559493
/blog,390,True,38,0,0,0,0d5114a91df55c09b51cd13246967ff0f245cc87,34520559493
/blog,430,True,38,0,0,0,0d5114a91df55c09b51cd13246967ff0f245cc87,34520559493
/blog,600,True,38,0,0,0,0d5114a91df55c09b51cd13246967ff0f245cc87,34520559493
/blog,768,True,38,0,0,0,0d5114a91df55c09b51cd13246967ff0f245cc87,34520559493
/blog,1024,True,38,0,0,0,0d5114a91df55c09b51cd13246967ff0f245cc87,34520559493
/blog,1366,True,38,0,0,0,0d5114a91df55c09b51cd13246967ff0f245cc87,34520559493
/blog,1440,True,38,0,0,0,0d5114a91df55c09b51cd13246967ff0f245cc87,34520559493
/blog,1920,True,38,0,0,0,0d5114a91df55c09b51cd13246967ff0f245cc87,34520559493
/blog/ada-vs-canyon-county-permit-timelines,320,True,4,0,0,0,0d5114a91df55c09b51cd13246967ff0f245cc87,34520559493
/blog/ada-vs-canyon-county-permit-timelines,390,True,4,0,0,0,0d5114a91df55c09b51cd13246967ff0f245cc87,34520559493
/blog/ada-vs-canyon-county-permit-timelines,430,True,4,0,0,0,0d5114a91df55c09b51cd13246967ff0f245cc87,34520559493
/blog/ada-vs-canyon-county-permit-timelines,600,True,4,0,0,0,0d5114a91df55c09b51cd13246967ff0f245cc87,34520559493
/blog/ada-vs-canyon-county-permit-timelines,768,True,4,0,0,0,0d5114a91df55c09b51cd13246967ff0f245cc87,34520559493
/blog/ada-vs-canyon-county-permit-timelines,1024,True,4,0,0,0,0d5114a91df55c09b51cd13246967ff0f245cc87,34520559493
/blog/ada-vs-canyon-county-permit-timelines,1366,True,4,0,0,0,0d5114a91df55c09b51cd13246967ff0f245cc87,34520559493
/blog/ada-vs-canyon-county-permit-timelines,1440,True,4,0,0,0,0d5114a91df55c09b51cd13246967ff0f245cc87,34520559493
/blog/ada-vs-canyon-county-permit-timelines,1920,True,4,0,0,0,0d5114a91df55c09b51cd13246967ff0f245cc87,34520559493
/blog/adu-cost-boise,320,True,4,0,0,0,0d5114a91df55c09b51cd13246967ff0f245cc87,34520559493
/blog/adu-cost-boise,390,True,4,0,0,0,0d5114a91df55c09b51cd13246967ff0f245cc87,34520559493
/blog/adu-cost-boise,430,True,4,0,0,0,0d5114a91df55c09b51cd13246967ff0f245cc87,34520559493
/blog/adu-cost-boise,600,True,4,0,0,0,0d5114a91df55c09b51cd13246967ff0f245cc87,34520559493
/blog/adu-cost-boise,768,True,4,0,0,0,0d5114a91df55c09b51cd13246967ff0f245cc87,34520559493
/blog/adu-cost-boise,1024,True,4,0,0,0,0d5114a91df55c09b51cd13246967ff0f245cc87,34520559493
/blog/adu-cost-boise,1366,True,4,0,0,0,0d5114a91df55c09b51cd13246967ff0f245cc87,34520559493
/blog/adu-cost-boise,1440,True,4,0,0,0,0d5114a91df55c09b51cd13246967ff0f245cc87,34520559493
/blog/adu-cost-boise,1920,True,4,0,0,0,0d5114a91df55c09b51cd13246967ff0f245cc87,34520559493
/blog/aging-in-place-home-design,320,True,4,0,0,0,0d5114a91df55c09b51cd13246967ff0f245cc87,34520559493
/blog/aging-in-place-home-design,390,True,4,0,0,0,0d5114a91df55c09b51cd13246967ff0f245cc87,34520559493
/blog/aging-in-place-home-design,430,True,4,0,0,0,0d5114a91df55c09b51cd13246967ff0f245cc87,34520559493
/blog/aging-in-place-home-design,600,True,4,0,0,0,0d5114a91df55c09b51cd13246967ff0f245cc87,34520559493
/blog/aging-in-place-home-design,768,True,4,0,0,0,0d5114a91df55c09b51cd13246967ff0f245cc87,34520559493
/blog/aging-in-place-home-design,1024,True,4,0,0,0,0d5114a91df55c09b51cd13246967ff0f245cc87,34520559493
/blog/aging-in-place-home-design,1366,True,4,0,0,0,0d5114a91df55c09b51cd13246967ff0f245cc87,34520559493
/blog/aging-in-place-home-design,1440,True,4,0,0,0,0d5114a91df55c09b51cd13246967ff0f245cc87,34520559493
/blog/aging-in-place-home-design,1920,True,4,0,0,0,0d5114a91df55c09b51cd13246967ff0f245cc87,34520559493
/blog/allowances-explained-new-home,320,True,4,0,0,0,0d5114a91df55c09b51cd13246967ff0f245cc87,34520559493
/blog/allowances-explained-new-home,390,True,4,0,0,0,0d5114a91df55c09b51cd13246967ff0f245cc87,34520559493
/blog/allowances-explained-new-home,430,True,4,0,0,0,0d5114a91df55c09b51cd13246967ff0f245cc87,34520559493
/blog/allowances-explained-new-home,600,True,4,0,0,0,0d5114a91df55c09b51cd13246967ff0f245cc87,34520559493
/blog/allowances-explained-new-home,768,True,4,0,0,0,0d5114a91df55c09b51cd13246967ff0f245cc87,34520559493
/blog/allowances-explained-new-home,1024,True,4,0,0,0,0d5114a91df55c09b51cd13246967ff0f245cc87,34520559493
/blog/allowances-explained-new-home,1366,True,4,0,0,0,0d5114a91df55c09b51cd13246967ff0f245cc87,34520559493
/blog/allowances-explained-new-home,1440,True,4,0,0,0,0d5114a91df55c09b51cd13246967ff0f245cc87,34520559493
/blog/allowances-explained-new-home,1920,True,4,0,0,0,0d5114a91df55c09b51cd13246967ff0f245cc87,34520559493
/blog/boise-building-permit-guide,320,True,4,0,0,0,0d5114a91df55c09b51cd13246967ff0f245cc87,34520559493
/blog/boise-building-permit-guide,390,True,4,0,0,0,0d5114a91df55c09b51cd13246967ff0f245cc87,34520559493
/blog/boise-building-permit-guide,430,True,4,0,0,0,0d5114a91df55c09b51cd13246967ff0f245cc87,34520559493
/blog/boise-building-permit-guide,600,True,4,0,0,0,0d5114a91df55c09b51cd13246967ff0f245cc87,34520559493
/blog/boise-building-permit-guide,768,True,4,0,0,0,0d5114a91df55c09b51cd13246967ff0f245cc87,34520559493
/blog/boise-building-permit-guide,1024,True,4,0,0,0,0d5114a91df55c09b51cd13246967ff0f245cc87,34520559493
/blog/boise-building-permit-guide,1366,True,4,0,0,0,0d5114a91df55c09b51cd13246967ff0f245cc87,34520559493
/blog/boise-building-permit-guide,1440,True,4,0,0,0,0d5114a91df55c09b51cd13246967ff0f245cc87,34520559493
/blog/boise-building-permit-guide,1920,True,4,0,0,0,0d5114a91df55c09b51cd13246967ff0f245cc87,34520559493
/blog/build-vs-buy-boise,320,True,4,0,0,0,0d5114a91df55c09b51cd13246967ff0f245cc87,34520559493
/blog/build-vs-buy-boise,390,True,4,0,0,0,0d5114a91df55c09b51cd13246967ff0f245cc87,34520559493
/blog/build-vs-buy-boise,430,True,4,0,0,0,0d5114a91df55c09b51cd13246967ff0f245cc87,34520559493
/blog/build-vs-buy-boise,600,True,4,0,0,0,0d5114a91df55c09b51cd13246967ff0f245cc87,34520559493
/blog/build-vs-buy-boise,768,True,4,0,0,0,0d5114a91df55c09b51cd13246967ff0f245cc87,34520559493
/blog/build-vs-buy-boise,1024,True,4,0,0,0,0d5114a91df55c09b51cd13246967ff0f245cc87,34520559493
/blog/build-vs-buy-boise,1366,True,4,0,0,0,0d5114a91df55c09b51cd13246967ff0f245cc87,34520559493
/blog/build-vs-buy-boise,1440,True,4,0,0,0,0d5114a91df55c09b51cd13246967ff0f245cc87,34520559493
/blog/build-vs-buy-boise,1920,True,4,0,0,0,0d5114a91df55c09b51cd13246967ff0f245cc87,34520559493
/blog/building-in-the-boise-foothills,320,True,4,0,0,0,0d5114a91df55c09b51cd13246967ff0f245cc87,34520559493
/blog/building-in-the-boise-foothills,390,True,4,0,0,0,0d5114a91df55c09b51cd13246967ff0f245cc87,34520559493
/blog/building-in-the-boise-foothills,430,True,4,0,0,0,0d5114a91df55c09b51cd13246967ff0f245cc87,34520559493
/blog/building-in-the-boise-foothills,600,True,4,0,0,0,0d5114a91df55c09b51cd13246967ff0f245cc87,34520559493
/blog/building-in-the-boise-foothills,768,True,4,0,0,0,0d5114a91df55c09b51cd13246967ff0f245cc87,34520559493
/blog/building-in-the-boise-foothills,1024,True,4,0,0,0,0d5114a91df55c09b51cd13246967ff0f245cc87,34520559493
/blog/building-in-the-boise-foothills,1366,True,4,0,0,0,0d5114a91df55c09b51cd13246967ff0f245cc87,34520559493
/blog/building-in-the-boise-foothills,1440,True,4,0,0,0,0d5114a91df55c09b51cd13246967ff0f245cc87,34520559493
/blog/building-in-the-boise-foothills,1920,True,4,0,0,0,0d5114a91df55c09b51cd13246967ff0f245cc87,34520559493
/blog/category/choosing-a-builder,320,True,10,0,0,0,0d5114a91df55c09b51cd13246967ff0f245cc87,34520559493
/blog/category/choosing-a-builder,390,True,10,0,0,0,0d5114a91df55c09b51cd13246967ff0f245cc87,34520559493
/blog/category/choosing-a-builder,430,True,10,0,0,0,0d5114a91df55c09b51cd13246967ff0f245cc87,34520559493
/blog/category/choosing-a-builder,600,True,10,0,0,0,0d5114a91df55c09b51cd13246967ff0f245cc87,34520559493
/blog/category/choosing-a-builder,768,True,10,0,0,0,0d5114a91df55c09b51cd13246967ff0f245cc87,34520559493
/blog/category/choosing-a-builder,1024,True,10,0,0,0,0d5114a91df55c09b51cd13246967ff0f245cc87,34520559493
/blog/category/choosing-a-builder,1366,True,10,0,0,0,0d5114a91df55c09b51cd13246967ff0f245cc87,34520559493
/blog/category/choosing-a-builder,1440,True,10,0,0,0,0d5114a91df55c09b51cd13246967ff0f245cc87,34520559493
/blog/category/choosing-a-builder,1920,True,10,0,0,0,0d5114a91df55c09b51cd13246967ff0f245cc87,34520559493
/blog/category/home-building-costs,320,True,11,0,0,0,0d5114a91df55c09b51cd13246967ff0f245cc87,34520559493
/blog/category/home-building-costs,390,True,11,0,0,0,0d5114a91df55c09b51cd13246967ff0f245cc87,34520559493
/blog/category/home-building-costs,430,True,11,0,0,0,0d5114a91df55c09b51cd13246967ff0f245cc87,34520559493
/blog/category/home-building-costs,600,True,11,0,0,0,0d5114a91df55c09b51cd13246967ff0f245cc87,34520559493
/blog/category/home-building-costs,768,True,11,0,0,0,0d5114a91df55c09b51cd13246967ff0f245cc87,34520559493
/blog/category/home-building-costs,1024,True,11,0,0,0,0d5114a91df55c09b51cd13246967ff0f245cc87,34520559493
/blog/category/home-building-costs,1366,True,11,0,0,0,0d5114a91df55c09b51cd13246967ff0f245cc87,34520559493
/blog/category/home-building-costs,1440,True,11,0,0,0,0d5114a91df55c09b51cd13246967ff0f245cc87,34520559493
/blog/category/home-building-costs,1920,True,11,0,0,0,0d5114a91df55c09b51cd13246967ff0f245cc87,34520559493
/blog/category/home-building-process,320,True,10,0,0,0,0d5114a91df55c09b51cd13246967ff0f245cc87,34520559493
/blog/category/home-building-process,390,True,10,0,0,0,0d5114a91df55c09b51cd13246967ff0f245cc87,34520559493
/blog/category/home-building-process,430,True,10,0,0,0,0d5114a91df55c09b51cd13246967ff0f245cc87,34520559493
/blog/category/home-building-process,600,True,10,0,0,0,0d5114a91df55c09b51cd13246967ff0f245cc87,34520559493
/blog/category/home-building-process,768,True,10,0,0,0,0d5114a91df55c09b51cd13246967ff0f245cc87,34520559493
/blog/category/home-building-process,1024,True,10,0,0,0,0d5114a91df55c09b51cd13246967ff0f245cc87,34520559493
/blog/category/home-building-process,1366,True,10,0,0,0,0d5114a91df55c09b51cd13246967ff0f245cc87,34520559493
/blog/category/home-building-process,1440,True,10,0,0,0,0d5114a91df55c09b51cd13246967ff0f245cc87,34520559493
/blog/category/home-building-process,1920,True,10,0,0,0,0d5114a91df55c09b51cd13246967ff0f245cc87,34520559493
/blog/category/home-design-and-plans,320,True,11,0,0,0,0d5114a91df55c09b51cd13246967ff0f245cc87,34520559493
/blog/category/home-design-and-plans,390,True,11,0,0,0,0d5114a91df55c09b51cd13246967ff0f245cc87,34520559493
/blog/category/home-design-and-plans,430,True,11,0,0,0,0d5114a91df55c09b51cd13246967ff0f245cc87,34520559493
/blog/category/home-design-and-plans,600,True,11,0,0,0,0d5114a91df55c09b51cd13246967ff0f245cc87,34520559493
/blog/category/home-design-and-plans,768,True,11,0,0,0,0d5114a91df55c09b51cd13246967ff0f245cc87,34520559493
/blog/category/home-design-and-plans,1024,True,11,0,0,0,0d5114a91df55c09b51cd13246967ff0f245cc87,34520559493
/blog/category/home-design-and-plans,1366,True,11,0,0,0,0d5114a91df55c09b51cd13246967ff0f245cc87,34520559493
/blog/category/home-design-and-plans,1440,True,11,0,0,0,0d5114a91df55c09b51cd13246967ff0f245cc87,34520559493
/blog/category/home-design-and-plans,1920,True,11,0,0,0,0d5114a91df55c09b51cd13246967ff0f245cc87,34520559493
/blog/category/land-and-lots,320,True,8,0,0,0,0d5114a91df55c09b51cd13246967ff0f245cc87,34520559493
/blog/category/land-and-lots,390,True,8,0,0,0,0d5114a91df55c09b51cd13246967ff0f245cc87,34520559493
/blog/category/land-and-lots,430,True,8,0,0,0,0d5114a91df55c09b51cd13246967ff0f245cc87,34520559493
/blog/category/land-and-lots,600,True,8,0,0,0,0d5114a91df55c09b51cd13246967ff0f245cc87,34520559493
/blog/category/land-and-lots,768,True,8,0,0,0,0d5114a91df55c09b51cd13246967ff0f245cc87,34520559493
/blog/category/land-and-lots,1024,True,8,0,0,0,0d5114a91df55c09b51cd13246967ff0f245cc87,34520559493
/blog/category/land-and-lots,1366,True,8,0,0,0,0d5114a91df55c09b51cd13246967ff0f245cc87,34520559493
/blog/category/land-and-lots,1440,True,8,0,0,0,0d5114a91df55c09b51cd13246967ff0f245cc87,34520559493
/blog/category/land-and-lots,1920,True,8,0,0,0,0d5114a91df55c09b51cd13246967ff0f245cc87,34520559493
/blog/category/treasure-valley-locations,320,True,12,0,0,0,0d5114a91df55c09b51cd13246967ff0f245cc87,34520559493
/blog/category/treasure-valley-locations,390,True,12,0,0,0,0d5114a91df55c09b51cd13246967ff0f245cc87,34520559493
/blog/category/treasure-valley-locations,430,True,12,0,0,0,0d5114a91df55c09b51cd13246967ff0f245cc87,34520559493
/blog/category/treasure-valley-locations,600,True,12,0,0,0,0d5114a91df55c09b51cd13246967ff0f245cc87,34520559493
/blog/category/treasure-valley-locations,768,True,12,0,0,0,0d5114a91df55c09b51cd13246967ff0f245cc87,34520559493
/blog/category/treasure-valley-locations,1024,True,12,0,0,0,0d5114a91df55c09b51cd13246967ff0f245cc87,34520559493
/blog/category/treasure-valley-locations,1366,True,12,0,0,0,0d5114a91df55c09b51cd13246967ff0f245cc87,34520559493
/blog/category/treasure-valley-locations,1440,True,12,0,0,0,0d5114a91df55c09b51cd13246967ff0f245cc87,34520559493
/blog/category/treasure-valley-locations,1920,True,12,0,0,0,0d5114a91df55c09b51cd13246967ff0f245cc87,34520559493
/blog/choosing-finishes-for-a-new-home,320,True,4,0,0,0,0d5114a91df55c09b51cd13246967ff0f245cc87,34520559493
/blog/choosing-finishes-for-a-new-home,390,True,4,0,0,0,0d5114a91df55c09b51cd13246967ff0f245cc87,34520559493
/blog/choosing-finishes-for-a-new-home,430,True,4,0,0,0,0d5114a91df55c09b51cd13246967ff0f245cc87,34520559493
/blog/choosing-finishes-for-a-new-home,600,True,4,0,0,0,0d5114a91df55c09b51cd13246967ff0f245cc87,34520559493
/blog/choosing-finishes-for-a-new-home,768,True,4,0,0,0,0d5114a91df55c09b51cd13246967ff0f245cc87,34520559493
/blog/choosing-finishes-for-a-new-home,1024,True,4,0,0,0,0d5114a91df55c09b51cd13246967ff0f245cc87,34520559493
/blog/choosing-finishes-for-a-new-home,1366,True,4,0,0,0,0d5114a91df55c09b51cd13246967ff0f245cc87,34520559493
/blog/choosing-finishes-for-a-new-home,1440,True,4,0,0,0,0d5114a91df55c09b51cd13246967ff0f245cc87,34520559493
/blog/choosing-finishes-for-a-new-home,1920,True,4,0,0,0,0d5114a91df55c09b51cd13246967ff0f245cc87,34520559493
/blog/construction-loan-basics-idaho,320,True,4,0,0,0,0d5114a91df55c09b51cd13246967ff0f245cc87,34520559493
/blog/construction-loan-basics-idaho,390,True,4,0,0,0,0d5114a91df55c09b51cd13246967ff0f245cc87,34520559493
/blog/construction-loan-basics-idaho,430,True,4,0,0,0,0d5114a91df55c09b51cd13246967ff0f245cc87,34520559493
/blog/construction-loan-basics-idaho,600,True,4,0,0,0,0d5114a91df55c09b51cd13246967ff0f245cc87,34520559493
/blog/construction-loan-basics-idaho,768,True,4,0,0,0,0d5114a91df55c09b51cd13246967ff0f245cc87,34520559493
/blog/construction-loan-basics-idaho,1024,True,4,0,0,0,0d5114a91df55c09b51cd13246967ff0f245cc87,34520559493
/blog/construction-loan-basics-idaho,1366,True,4,0,0,0,0d5114a91df55c09b51cd13246967ff0f245cc87,34520559493
/blog/construction-loan-basics-idaho,1440,True,4,0,0,0,0d5114a91df55c09b51cd13246967ff0f245cc87,34520559493
/blog/construction-loan-basics-idaho,1920,True,4,0,0,0,0d5114a91df55c09b51cd13246967ff0f245cc87,34520559493
/blog/cost-to-build-a-house-boise,320,True,4,0,0,0,0d5114a91df55c09b51cd13246967ff0f245cc87,34520559493
/blog/cost-to-build-a-house-boise,390,True,4,0,0,0,0d5114a91df55c09b51cd13246967ff0f245cc87,34520559493
/blog/cost-to-build-a-house-boise,430,True,4,0,0,0,0d5114a91df55c09b51cd13246967ff0f245cc87,34520559493
/blog/cost-to-build-a-house-boise,600,True,4,0,0,0,0d5114a91df55c09b51cd13246967ff0f245cc87,34520559493
/blog/cost-to-build-a-house-boise,768,True,4,0,0,0,0d5114a91df55c09b51cd13246967ff0f245cc87,34520559493
/blog/cost-to-build-a-house-boise,1024,True,4,0,0,0,0d5114a91df55c09b51cd13246967ff0f245cc87,34520559493
/blog/cost-to-build-a-house-boise,1366,True,4,0,0,0,0d5114a91df55c09b51cd13246967ff0f245cc87,34520559493
/blog/cost-to-build-a-house-boise,1440,True,4,0,0,0,0d5114a91df55c09b51cd13246967ff0f245cc87,34520559493
/blog/cost-to-build-a-house-boise,1920,True,4,0,0,0,0d5114a91df55c09b51cd13246967ff0f245cc87,34520559493
/blog/covered-outdoor-living-new-home,320,True,4,0,0,0,0d5114a91df55c09b51cd13246967ff0f245cc87,34520559493
/blog/covered-outdoor-living-new-home,390,True,4,0,0,0,0d5114a91df55c09b51cd13246967ff0f245cc87,34520559493
/blog/covered-outdoor-living-new-home,430,True,4,0,0,0,0d5114a91df55c09b51cd13246967ff0f245cc87,34520559493
/blog/covered-outdoor-living-new-home,600,True,4,0,0,0,0d5114a91df55c09b51cd13246967ff0f245cc87,34520559493
/blog/covered-outdoor-living-new-home,768,True,4,0,0,0,0d5114a91df55c09b51cd13246967ff0f245cc87,34520559493
/blog/covered-outdoor-living-new-home,1024,True,4,0,0,0,0d5114a91df55c09b51cd13246967ff0f245cc87,34520559493
/blog/covered-outdoor-living-new-home,1366,True,4,0,0,0,0d5114a91df55c09b51cd13246967ff0f245cc87,34520559493
/blog/covered-outdoor-living-new-home,1440,True,4,0,0,0,0d5114a91df55c09b51cd13246967ff0f245cc87,34520559493
/blog/covered-outdoor-living-new-home,1920,True,4,0,0,0,0d5114a91df55c09b51cd13246967ff0f245cc87,34520559493
/blog/custom-home-cost-per-square-foot-boise,320,True,4,0,0,0,0d5114a91df55c09b51cd13246967ff0f245cc87,34520559493
/blog/custom-home-cost-per-square-foot-boise,390,True,4,0,0,0,0d5114a91df55c09b51cd13246967ff0f245cc87,34520559493
/blog/custom-home-cost-per-square-foot-boise,430,True,4,0,0,0,0d5114a91df55c09b51cd13246967ff0f245cc87,34520559493
/blog/custom-home-cost-per-square-foot-boise,600,True,4,0,0,0,0d5114a91df55c09b51cd13246967ff0f245cc87,34520559493
/blog/custom-home-cost-per-square-foot-boise,768,True,4,0,0,0,0d5114a91df55c09b51cd13246967ff0f245cc87,34520559493
/blog/custom-home-cost-per-square-foot-boise,1024,True,4,0,0,0,0d5114a91df55c09b51cd13246967ff0f245cc87,34520559493
/blog/custom-home-cost-per-square-foot-boise,1366,True,4,0,0,0,0d5114a91df55c09b51cd13246967ff0f245cc87,34520559493
/blog/custom-home-cost-per-square-foot-boise,1440,True,4,0,0,0,0d5114a91df55c09b51cd13246967ff0f245cc87,34520559493
/blog/custom-home-cost-per-square-foot-boise,1920,True,4,0,0,0,0d5114a91df55c09b51cd13246967ff0f245cc87,34520559493
/blog/custom-home-floor-plan-ideas-boise,320,True,4,0,0,0,0d5114a91df55c09b51cd13246967ff0f245cc87,34520559493
/blog/custom-home-floor-plan-ideas-boise,390,True,4,0,0,0,0d5114a91df55c09b51cd13246967ff0f245cc87,34520559493
/blog/custom-home-floor-plan-ideas-boise,430,True,4,0,0,0,0d5114a91df55c09b51cd13246967ff0f245cc87,34520559493
/blog/custom-home-floor-plan-ideas-boise,600,True,4,0,0,0,0d5114a91df55c09b51cd13246967ff0f245cc87,34520559493
/blog/custom-home-floor-plan-ideas-boise,768,True,4,0,0,0,0d5114a91df55c09b51cd13246967ff0f245cc87,34520559493
/blog/custom-home-floor-plan-ideas-boise,1024,True,4,0,0,0,0d5114a91df55c09b51cd13246967ff0f245cc87,34520559493
/blog/custom-home-floor-plan-ideas-boise,1366,True,4,0,0,0,0d5114a91df55c09b51cd13246967ff0f245cc87,34520559493
/blog/custom-home-floor-plan-ideas-boise,1440,True,4,0,0,0,0d5114a91df55c09b51cd13246967ff0f245cc87,34520559493
/blog/custom-home-floor-plan-ideas-boise,1920,True,4,0,0,0,0d5114a91df55c09b51cd13246967ff0f245cc87,34520559493
/blog/design-build-vs-general-contractor,320,True,4,0,0,0,0d5114a91df55c09b51cd13246967ff0f245cc87,34520559493
/blog/design-build-vs-general-contractor,390,True,4,0,0,0,0d5114a91df55c09b51cd13246967ff0f245cc87,34520559493
/blog/design-build-vs-general-contractor,430,True,4,0,0,0,0d5114a91df55c09b51cd13246967ff0f245cc87,34520559493
/blog/design-build-vs-general-contractor,600,True,4,0,0,0,0d5114a91df55c09b51cd13246967ff0f245cc87,34520559493
/blog/design-build-vs-general-contractor,768,True,4,0,0,0,0d5114a91df55c09b51cd13246967ff0f245cc87,34520559493
/blog/design-build-vs-general-contractor,1024,True,4,0,0,0,0d5114a91df55c09b51cd13246967ff0f245cc87,34520559493
/blog/design-build-vs-general-contractor,1366,True,4,0,0,0,0d5114a91df55c09b51cd13246967ff0f245cc87,34520559493
/blog/design-build-vs-general-contractor,1440,True,4,0,0,0,0d5114a91df55c09b51cd13246967ff0f245cc87,34520559493
/blog/design-build-vs-general-contractor,1920,True,4,0,0,0,0d5114a91df55c09b51cd13246967ff0f245cc87,34520559493
/blog/energy-efficient-home-building-boise,320,True,4,0,0,0,55c430f9eab7366eea3b117381e196c7955e93ae,34522525616
/blog/energy-efficient-home-building-boise,390,True,4,0,0,0,55c430f9eab7366eea3b117381e196c7955e93ae,34522525616
/blog/energy-efficient-home-building-boise,430,True,4,0,0,0,55c430f9eab7366eea3b117381e196c7955e93ae,34522525616
/blog/energy-efficient-home-building-boise,600,True,4,0,0,0,55c430f9eab7366eea3b117381e196c7955e93ae,34522525616
/blog/energy-efficient-home-building-boise,768,True,4,0,0,0,55c430f9eab7366eea3b117381e196c7955e93ae,34522525616
/blog/energy-efficient-home-building-boise,1024,True,4,0,0,0,55c430f9eab7366eea3b117381e196c7955e93ae,34522525616
/blog/energy-efficient-home-building-boise,1366,True,4,0,0,0,55c430f9eab7366eea3b117381e196c7955e93ae,34522525616
/blog/energy-efficient-home-building-boise,1440,True,4,0,0,0,55c430f9eab7366eea3b117381e196c7955e93ae,34522525616
/blog/energy-efficient-home-building-boise,1920,True,4,0,0,0,55c430f9eab7366eea3b117381e196c7955e93ae,34522525616
/blog/first-meeting-with-a-home-builder,320,True,4,0,0,0,0d5114a91df55c09b51cd13246967ff0f245cc87,34520559493
/blog/first-meeting-with-a-home-builder,390,True,4,0,0,0,0d5114a91df55c09b51cd13246967ff0f245cc87,34520559493
/blog/first-meeting-with-a-home-builder,430,True,4,0,0,0,0d5114a91df55c09b51cd13246967ff0f245cc87,34520559493
/blog/first-meeting-with-a-home-builder,600,True,4,0,0,0,0d5114a91df55c09b51cd13246967ff0f245cc87,34520559493
/blog/first-meeting-with-a-home-builder,768,True,4,0,0,0,0d5114a91df55c09b51cd13246967ff0f245cc87,34520559493
/blog/first-meeting-with-a-home-builder,1024,True,4,0,0,0,0d5114a91df55c09b51cd13246967ff0f245cc87,34520559493
/blog/first-meeting-with-a-home-builder,1366,True,4,0,0,0,0d5114a91df55c09b51cd13246967ff0f245cc87,34520559493
/blog/first-meeting-with-a-home-builder,1440,True,4,0,0,0,0d5114a91df55c09b51cd13246967ff0f245cc87,34520559493
/blog/first-meeting-with-a-home-builder,1920,True,4,0,0,0,0d5114a91df55c09b51cd13246967ff0f245cc87,34520559493
/blog/fixed-price-vs-cost-plus,320,True,4,0,0,0,0d5114a91df55c09b51cd13246967ff0f245cc87,34520559493
/blog/fixed-price-vs-cost-plus,390,True,4,0,0,0,0d5114a91df55c09b51cd13246967ff0f245cc87,34520559493
/blog/fixed-price-vs-cost-plus,430,True,4,0,0,0,0d5114a91df55c09b51cd13246967ff0f245cc87,34520559493
/blog/fixed-price-vs-cost-plus,600,True,4,0,0,0,0d5114a91df55c09b51cd13246967ff0f245cc87,34520559493
/blog/fixed-price-vs-cost-plus,768,True,4,0,0,0,0d5114a91df55c09b51cd13246967ff0f245cc87,34520559493
/blog/fixed-price-vs-cost-plus,1024,True,4,0,0,0,0d5114a91df55c09b51cd13246967ff0f245cc87,34520559493
/blog/fixed-price-vs-cost-plus,1366,True,4,0,0,0,0d5114a91df55c09b51cd13246967ff0f245cc87,34520559493
/blog/fixed-price-vs-cost-plus,1440,True,4,0,0,0,0d5114a91df55c09b51cd13246967ff0f245cc87,34520559493
/blog/fixed-price-vs-cost-plus,1920,True,4,0,0,0,0d5114a91df55c09b51cd13246967ff0f245cc87,34520559493
/blog/home-builder-red-flags,320,True,4,0,0,0,0d5114a91df55c09b51cd13246967ff0f245cc87,34520559493
/blog/home-builder-red-flags,390,True,4,0,0,0,0d5114a91df55c09b51cd13246967ff0f245cc87,34520559493
/blog/home-builder-red-flags,430,True,4,0,0,0,0d5114a91df55c09b51cd13246967ff0f245cc87,34520559493
/blog/home-builder-red-flags,600,True,4,0,0,0,0d5114a91df55c09b51cd13246967ff0f245cc87,34520559493
/blog/home-builder-red-flags,768,True,4,0,0,0,0d5114a91df55c09b51cd13246967ff0f245cc87,34520559493
/blog/home-builder-red-flags,1024,True,4,0,0,0,0d5114a91df55c09b51cd13246967ff0f245cc87,34520559493
/blog/home-builder-red-flags,1366,True,4,0,0,0,0d5114a91df55c09b51cd13246967ff0f245cc87,34520559493
/blog/home-builder-red-flags,1440,True,4,0,0,0,0d5114a91df55c09b51cd13246967ff0f245cc87,34520559493
/blog/home-builder-red-flags,1920,True,4,0,0,0,0d5114a91df55c09b51cd13246967ff0f245cc87,34520559493
/blog/how-long-does-it-take-to-build-a-house-boise,320,True,4,0,0,0,0d5114a91df55c09b51cd13246967ff0f245cc87,34520559493
/blog/how-long-does-it-take-to-build-a-house-boise,390,True,4,0,0,0,0d5114a91df55c09b51cd13246967ff0f245cc87,34520559493
/blog/how-long-does-it-take-to-build-a-house-boise,430,True,4,0,0,0,0d5114a91df55c09b51cd13246967ff0f245cc87,34520559493
/blog/how-long-does-it-take-to-build-a-house-boise,600,True,4,0,0,0,0d5114a91df55c09b51cd13246967ff0f245cc87,34520559493
/blog/how-long-does-it-take-to-build-a-house-boise,768,True,4,0,0,0,0d5114a91df55c09b51cd13246967ff0f245cc87,34520559493
/blog/how-long-does-it-take-to-build-a-house-boise,1024,True,4,0,0,0,0d5114a91df55c09b51cd13246967ff0f245cc87,34520559493
/blog/how-long-does-it-take-to-build-a-house-boise,1366,True,4,0,0,0,0d5114a91df55c09b51cd13246967ff0f245cc87,34520559493
/blog/how-long-does-it-take-to-build-a-house-boise,1440,True,4,0,0,0,0d5114a91df55c09b51cd13246967ff0f245cc87,34520559493
/blog/how-long-does-it-take-to-build-a-house-boise,1920,True,4,0,0,0,0d5114a91df55c09b51cd13246967ff0f245cc87,34520559493
/blog/how-to-budget-a-new-home-boise,320,True,3,0,0,0,0d5114a91df55c09b51cd13246967ff0f245cc87,34520559493
/blog/how-to-budget-a-new-home-boise,390,True,3,0,0,0,0d5114a91df55c09b51cd13246967ff0f245cc87,34520559493
/blog/how-to-budget-a-new-home-boise,430,True,3,0,0,0,0d5114a91df55c09b51cd13246967ff0f245cc87,34520559493
/blog/how-to-budget-a-new-home-boise,600,True,3,0,0,0,0d5114a91df55c09b51cd13246967ff0f245cc87,34520559493
/blog/how-to-budget-a-new-home-boise,768,True,3,0,0,0,0d5114a91df55c09b51cd13246967ff0f245cc87,34520559493
/blog/how-to-budget-a-new-home-boise,1024,True,3,0,0,0,0d5114a91df55c09b51cd13246967ff0f245cc87,34520559493
/blog/how-to-budget-a-new-home-boise,1366,True,3,0,0,0,0d5114a91df55c09b51cd13246967ff0f245cc87,34520559493
/blog/how-to-budget-a-new-home-boise,1440,True,3,0,0,0,0d5114a91df55c09b51cd13246967ff0f245cc87,34520559493
/blog/how-to-budget-a-new-home-boise,1920,True,3,0,0,0,0d5114a91df55c09b51cd13246967ff0f245cc87,34520559493
/blog/how-to-buy-a-buildable-lot-boise,320,True,3,0,0,0,0d5114a91df55c09b51cd13246967ff0f245cc87,34520559493
/blog/how-to-buy-a-buildable-lot-boise,390,True,3,0,0,0,0d5114a91df55c09b51cd13246967ff0f245cc87,34520559493
/blog/how-to-buy-a-buildable-lot-boise,430,True,3,0,0,0,0d5114a91df55c09b51cd13246967ff0f245cc87,34520559493
/blog/how-to-buy-a-buildable-lot-boise,600,True,3,0,0,0,0d5114a91df55c09b51cd13246967ff0f245cc87,34520559493
/blog/how-to-buy-a-buildable-lot-boise,768,True,3,0,0,0,0d5114a91df55c09b51cd13246967ff0f245cc87,34520559493
/blog/how-to-buy-a-buildable-lot-boise,1024,True,3,0,0,0,0d5114a91df55c09b51cd13246967ff0f245cc87,34520559493
/blog/how-to-buy-a-buildable-lot-boise,1366,True,3,0,0,0,0d5114a91df55c09b51cd13246967ff0f245cc87,34520559493
/blog/how-to-buy-a-buildable-lot-boise,1440,True,3,0,0,0,0d5114a91df55c09b51cd13246967ff0f245cc87,34520559493
/blog/how-to-buy-a-buildable-lot-boise,1920,True,3,0,0,0,0d5114a91df55c09b51cd13246967ff0f245cc87,34520559493
/blog/how-to-compare-builder-bids,320,True,4,0,0,0,0d5114a91df55c09b51cd13246967ff0f245cc87,34520559493
/blog/how-to-compare-builder-bids,390,True,4,0,0,0,0d5114a91df55c09b51cd13246967ff0f245cc87,34520559493
/blog/how-to-compare-builder-bids,430,True,4,0,0,0,0d5114a91df55c09b51cd13246967ff0f245cc87,34520559493
/blog/how-to-compare-builder-bids,600,True,4,0,0,0,0d5114a91df55c09b51cd13246967ff0f245cc87,34520559493
/blog/how-to-compare-builder-bids,768,True,4,0,0,0,0d5114a91df55c09b51cd13246967ff0f245cc87,34520559493
/blog/how-to-compare-builder-bids,1024,True,4,0,0,0,0d5114a91df55c09b51cd13246967ff0f245cc87,34520559493
/blog/how-to-compare-builder-bids,1366,True,4,0,0,0,0d5114a91df55c09b51cd13246967ff0f245cc87,34520559493
/blog/how-to-compare-builder-bids,1440,True,4,0,0,0,0d5114a91df55c09b51cd13246967ff0f245cc87,34520559493
/blog/how-to-compare-builder-bids,1920,True,4,0,0,0,0d5114a91df55c09b51cd13246967ff0f245cc87,34520559493
/blog/impact-fees-and-utility-connections,320,True,4,0,0,0,0d5114a91df55c09b51cd13246967ff0f245cc87,34520559493
/blog/impact-fees-and-utility-connections,390,True,4,0,0,0,0d5114a91df55c09b51cd13246967ff0f245cc87,34520559493
/blog/impact-fees-and-utility-connections,430,True,4,0,0,0,0d5114a91df55c09b51cd13246967ff0f245cc87,34520559493
/blog/impact-fees-and-utility-connections,600,True,4,0,0,0,0d5114a91df55c09b51cd13246967ff0f245cc87,34520559493
/blog/impact-fees-and-utility-connections,768,True,4,0,0,0,0d5114a91df55c09b51cd13246967ff0f245cc87,34520559493
/blog/impact-fees-and-utility-connections,1024,True,4,0,0,0,0d5114a91df55c09b51cd13246967ff0f245cc87,34520559493
/blog/impact-fees-and-utility-connections,1366,True,4,0,0,0,0d5114a91df55c09b51cd13246967ff0f245cc87,34520559493
/blog/impact-fees-and-utility-connections,1440,True,4,0,0,0,0d5114a91df55c09b51cd13246967ff0f245cc87,34520559493
/blog/impact-fees-and-utility-connections,1920,True,4,0,0,0,0d5114a91df55c09b51cd13246967ff0f245cc87,34520559493
/blog/lot-evaluation-checklist,320,True,4,0,0,0,0d5114a91df55c09b51cd13246967ff0f245cc87,34520559493
/blog/lot-evaluation-checklist,390,True,4,0,0,0,0d5114a91df55c09b51cd13246967ff0f245cc87,34520559493
/blog/lot-evaluation-checklist,430,True,4,0,0,0,0d5114a91df55c09b51cd13246967ff0f245cc87,34520559493
/blog/lot-evaluation-checklist,600,True,4,0,0,0,0d5114a91df55c09b51cd13246967ff0f245cc87,34520559493
/blog/lot-evaluation-checklist,768,True,4,0,0,0,0d5114a91df55c09b51cd13246967ff0f245cc87,34520559493
/blog/lot-evaluation-checklist,1024,True,4,0,0,0,0d5114a91df55c09b51cd13246967ff0f245cc87,34520559493
/blog/lot-evaluation-checklist,1366,True,4,0,0,0,0d5114a91df55c09b51cd13246967ff0f245cc87,34520559493
/blog/lot-evaluation-checklist,1440,True,4,0,0,0,0d5114a91df55c09b51cd13246967ff0f245cc87,34520559493
/blog/lot-evaluation-checklist,1920,True,4,0,0,0,0d5114a91df55c09b51cd13246967ff0f245cc87,34520559493
/blog/luxury-home-building-cost-boise,320,True,4,0,0,0,0d5114a91df55c09b51cd13246967ff0f245cc87,34520559493
/blog/luxury-home-building-cost-boise,390,True,4,0,0,0,0d5114a91df55c09b51cd13246967ff0f245cc87,34520559493
/blog/luxury-home-building-cost-boise,430,True,4,0,0,0,0d5114a91df55c09b51cd13246967ff0f245cc87,34520559493
/blog/luxury-home-building-cost-boise,600,True,4,0,0,0,0d5114a91df55c09b51cd13246967ff0f245cc87,34520559493
/blog/luxury-home-building-cost-boise,768,True,4,0,0,0,0d5114a91df55c09b51cd13246967ff0f245cc87,34520559493
/blog/luxury-home-building-cost-boise,1024,True,4,0,0,0,0d5114a91df55c09b51cd13246967ff0f245cc87,34520559493
/blog/luxury-home-building-cost-boise,1366,True,4,0,0,0,0d5114a91df55c09b51cd13246967ff0f245cc87,34520559493
/blog/luxury-home-building-cost-boise,1440,True,4,0,0,0,0d5114a91df55c09b51cd13246967ff0f245cc87,34520559493
/blog/luxury-home-building-cost-boise,1920,True,4,0,0,0,0d5114a91df55c09b51cd13246967ff0f245cc87,34520559493
/blog/multigenerational-home-design,320,True,4,0,0,0,0d5114a91df55c09b51cd13246967ff0f245cc87,34520559493
/blog/multigenerational-home-design,390,True,4,0,0,0,0d5114a91df55c09b51cd13246967ff0f245cc87,34520559493
/blog/multigenerational-home-design,430,True,4,0,0,0,0d5114a91df55c09b51cd13246967ff0f245cc87,34520559493
/blog/multigenerational-home-design,600,True,4,0,0,0,0d5114a91df55c09b51cd13246967ff0f245cc87,34520559493
/blog/multigenerational-home-design,768,True,4,0,0,0,0d5114a91df55c09b51cd13246967ff0f245cc87,34520559493
/blog/multigenerational-home-design,1024,True,4,0,0,0,0d5114a91df55c09b51cd13246967ff0f245cc87,34520559493
/blog/multigenerational-home-design,1366,True,4,0,0,0,0d5114a91df55c09b51cd13246967ff0f245cc87,34520559493
/blog/multigenerational-home-design,1440,True,4,0,0,0,0d5114a91df55c09b51cd13246967ff0f245cc87,34520559493
/blog/multigenerational-home-design,1920,True,4,0,0,0,0d5114a91df55c09b51cd13246967ff0f245cc87,34520559493
/blog/new-home-walkthrough-and-warranty,320,True,4,0,0,0,0d5114a91df55c09b51cd13246967ff0f245cc87,34520559493
/blog/new-home-walkthrough-and-warranty,390,True,4,0,0,0,0d5114a91df55c09b51cd13246967ff0f245cc87,34520559493
/blog/new-home-walkthrough-and-warranty,430,True,4,0,0,0,0d5114a91df55c09b51cd13246967ff0f245cc87,34520559493
/blog/new-home-walkthrough-and-warranty,600,True,4,0,0,0,0d5114a91df55c09b51cd13246967ff0f245cc87,34520559493
/blog/new-home-walkthrough-and-warranty,768,True,4,0,0,0,0d5114a91df55c09b51cd13246967ff0f245cc87,34520559493
/blog/new-home-walkthrough-and-warranty,1024,True,4,0,0,0,0d5114a91df55c09b51cd13246967ff0f245cc87,34520559493
/blog/new-home-walkthrough-and-warranty,1366,True,4,0,0,0,0d5114a91df55c09b51cd13246967ff0f245cc87,34520559493
/blog/new-home-walkthrough-and-warranty,1440,True,4,0,0,0,0d5114a91df55c09b51cd13246967ff0f245cc87,34520559493
/blog/new-home-walkthrough-and-warranty,1920,True,4,0,0,0,0d5114a91df55c09b51cd13246967ff0f245cc87,34520559493
/blog/production-vs-custom-home-builder,320,True,4,0,0,0,0d5114a91df55c09b51cd13246967ff0f245cc87,34520559493
/blog/production-vs-custom-home-builder,390,True,4,0,0,0,0d5114a91df55c09b51cd13246967ff0f245cc87,34520559493
/blog/production-vs-custom-home-builder,430,True,4,0,0,0,0d5114a91df55c09b51cd13246967ff0f245cc87,34520559493
/blog/production-vs-custom-home-builder,600,True,4,0,0,0,0d5114a91df55c09b51cd13246967ff0f245cc87,34520559493
/blog/production-vs-custom-home-builder,768,True,4,0,0,0,0d5114a91df55c09b51cd13246967ff0f245cc87,34520559493
/blog/production-vs-custom-home-builder,1024,True,4,0,0,0,0d5114a91df55c09b51cd13246967ff0f245cc87,34520559493
/blog/production-vs-custom-home-builder,1366,True,4,0,0,0,0d5114a91df55c09b51cd13246967ff0f245cc87,34520559493
/blog/production-vs-custom-home-builder,1440,True,4,0,0,0,0d5114a91df55c09b51cd13246967ff0f245cc87,34520559493
/blog/production-vs-custom-home-builder,1920,True,4,0,0,0,0d5114a91df55c09b51cd13246967ff0f245cc87,34520559493
/blog/questions-to-ask-a-home-builder,320,True,4,0,0,0,0d5114a91df55c09b51cd13246967ff0f245cc87,34520559493
/blog/questions-to-ask-a-home-builder,390,True,4,0,0,0,0d5114a91df55c09b51cd13246967ff0f245cc87,34520559493
/blog/questions-to-ask-a-home-builder,430,True,4,0,0,0,0d5114a91df55c09b51cd13246967ff0f245cc87,34520559493
/blog/questions-to-ask-a-home-builder,600,True,4,0,0,0,0d5114a91df55c09b51cd13246967ff0f245cc87,34520559493
/blog/questions-to-ask-a-home-builder,768,True,4,0,0,0,0d5114a91df55c09b51cd13246967ff0f245cc87,34520559493
/blog/questions-to-ask-a-home-builder,1024,True,4,0,0,0,0d5114a91df55c09b51cd13246967ff0f245cc87,34520559493
/blog/questions-to-ask-a-home-builder,1366,True,4,0,0,0,0d5114a91df55c09b51cd13246967ff0f245cc87,34520559493
/blog/questions-to-ask-a-home-builder,1440,True,4,0,0,0,0d5114a91df55c09b51cd13246967ff0f245cc87,34520559493
/blog/questions-to-ask-a-home-builder,1920,True,4,0,0,0,0d5114a91df55c09b51cd13246967ff0f245cc87,34520559493
/blog/shop-homes-and-barndominiums-idaho,320,True,4,0,0,0,0d5114a91df55c09b51cd13246967ff0f245cc87,34520559493
/blog/shop-homes-and-barndominiums-idaho,390,True,4,0,0,0,0d5114a91df55c09b51cd13246967ff0f245cc87,34520559493
/blog/shop-homes-and-barndominiums-idaho,430,True,4,0,0,0,0d5114a91df55c09b51cd13246967ff0f245cc87,34520559493
/blog/shop-homes-and-barndominiums-idaho,600,True,4,0,0,0,0d5114a91df55c09b51cd13246967ff0f245cc87,34520559493
/blog/shop-homes-and-barndominiums-idaho,768,True,4,0,0,0,0d5114a91df55c09b51cd13246967ff0f245cc87,34520559493
/blog/shop-homes-and-barndominiums-idaho,1024,True,4,0,0,0,0d5114a91df55c09b51cd13246967ff0f245cc87,34520559493
/blog/shop-homes-and-barndominiums-idaho,1366,True,4,0,0,0,0d5114a91df55c09b51cd13246967ff0f245cc87,34520559493
/blog/shop-homes-and-barndominiums-idaho,1440,True,4,0,0,0,0d5114a91df55c09b51cd13246967ff0f245cc87,34520559493
/blog/shop-homes-and-barndominiums-idaho,1920,True,4,0,0,0,0d5114a91df55c09b51cd13246967ff0f245cc87,34520559493
/blog/single-story-vs-two-story-home,320,True,4,0,0,0,0d5114a91df55c09b51cd13246967ff0f245cc87,34520559493
/blog/single-story-vs-two-story-home,390,True,4,0,0,0,0d5114a91df55c09b51cd13246967ff0f245cc87,34520559493
/blog/single-story-vs-two-story-home,430,True,4,0,0,0,0d5114a91df55c09b51cd13246967ff0f245cc87,34520559493
/blog/single-story-vs-two-story-home,600,True,4,0,0,0,0d5114a91df55c09b51cd13246967ff0f245cc87,34520559493
/blog/single-story-vs-two-story-home,768,True,4,0,0,0,0d5114a91df55c09b51cd13246967ff0f245cc87,34520559493
/blog/single-story-vs-two-story-home,1024,True,4,0,0,0,0d5114a91df55c09b51cd13246967ff0f245cc87,34520559493
/blog/single-story-vs-two-story-home,1366,True,4,0,0,0,0d5114a91df55c09b51cd13246967ff0f245cc87,34520559493
/blog/single-story-vs-two-story-home,1440,True,4,0,0,0,0d5114a91df55c09b51cd13246967ff0f245cc87,34520559493
/blog/single-story-vs-two-story-home,1920,True,4,0,0,0,0d5114a91df55c09b51cd13246967ff0f245cc87,34520559493
/blog/stages-of-building-a-house,320,True,4,0,0,0,0d5114a91df55c09b51cd13246967ff0f245cc87,34520559493
/blog/stages-of-building-a-house,390,True,4,0,0,0,0d5114a91df55c09b51cd13246967ff0f245cc87,34520559493
/blog/stages-of-building-a-house,430,True,4,0,0,0,0d5114a91df55c09b51cd13246967ff0f245cc87,34520559493
/blog/stages-of-building-a-house,600,True,4,0,0,0,0d5114a91df55c09b51cd13246967ff0f245cc87,34520559493
/blog/stages-of-building-a-house,768,True,4,0,0,0,0d5114a91df55c09b51cd13246967ff0f245cc87,34520559493
/blog/stages-of-building-a-house,1024,True,4,0,0,0,0d5114a91df55c09b51cd13246967ff0f245cc87,34520559493
/blog/stages-of-building-a-house,1366,True,4,0,0,0,0d5114a91df55c09b51cd13246967ff0f245cc87,34520559493
/blog/stages-of-building-a-house,1440,True,4,0,0,0,0d5114a91df55c09b51cd13246967ff0f245cc87,34520559493
/blog/stages-of-building-a-house,1920,True,4,0,0,0,0d5114a91df55c09b51cd13246967ff0f245cc87,34520559493
/blog/well-and-septic-cost-idaho,320,True,4,0,0,0,0d5114a91df55c09b51cd13246967ff0f245cc87,34520559493
/blog/well-and-septic-cost-idaho,390,True,4,0,0,0,0d5114a91df55c09b51cd13246967ff0f245cc87,34520559493
/blog/well-and-septic-cost-idaho,430,True,4,0,0,0,0d5114a91df55c09b51cd13246967ff0f245cc87,34520559493
/blog/well-and-septic-cost-idaho,600,True,4,0,0,0,0d5114a91df55c09b51cd13246967ff0f245cc87,34520559493
/blog/well-and-septic-cost-idaho,768,True,4,0,0,0,0d5114a91df55c09b51cd13246967ff0f245cc87,34520559493
/blog/well-and-septic-cost-idaho,1024,True,4,0,0,0,0d5114a91df55c09b51cd13246967ff0f245cc87,34520559493
/blog/well-and-septic-cost-idaho,1366,True,4,0,0,0,0d5114a91df55c09b51cd13246967ff0f245cc87,34520559493
/blog/well-and-septic-cost-idaho,1440,True,4,0,0,0,0d5114a91df55c09b51cd13246967ff0f245cc87,34520559493
/blog/well-and-septic-cost-idaho,1920,True,4,0,0,0,0d5114a91df55c09b51cd13246967ff0f245cc87,34520559493
/blog/what-drives-home-building-costs-boise,320,True,4,0,0,0,0d5114a91df55c09b51cd13246967ff0f245cc87,34520559493
/blog/what-drives-home-building-costs-boise,390,True,4,0,0,0,0d5114a91df55c09b51cd13246967ff0f245cc87,34520559493
/blog/what-drives-home-building-costs-boise,430,True,4,0,0,0,0d5114a91df55c09b51cd13246967ff0f245cc87,34520559493
/blog/what-drives-home-building-costs-boise,600,True,4,0,0,0,0d5114a91df55c09b51cd13246967ff0f245cc87,34520559493
/blog/what-drives-home-building-costs-boise,768,True,4,0,0,0,0d5114a91df55c09b51cd13246967ff0f245cc87,34520559493
/blog/what-drives-home-building-costs-boise,1024,True,4,0,0,0,0d5114a91df55c09b51cd13246967ff0f245cc87,34520559493
/blog/what-drives-home-building-costs-boise,1366,True,4,0,0,0,0d5114a91df55c09b51cd13246967ff0f245cc87,34520559493
/blog/what-drives-home-building-costs-boise,1440,True,4,0,0,0,0d5114a91df55c09b51cd13246967ff0f245cc87,34520559493
/blog/what-drives-home-building-costs-boise,1920,True,4,0,0,0,0d5114a91df55c09b51cd13246967ff0f245cc87,34520559493
/blog/why-home-building-bids-vary,320,True,4,0,0,0,0d5114a91df55c09b51cd13246967ff0f245cc87,34520559493
/blog/why-home-building-bids-vary,390,True,4,0,0,0,0d5114a91df55c09b51cd13246967ff0f245cc87,34520559493
/blog/why-home-building-bids-vary,430,True,4,0,0,0,0d5114a91df55c09b51cd13246967ff0f245cc87,34520559493
/blog/why-home-building-bids-vary,600,True,4,0,0,0,0d5114a91df55c09b51cd13246967ff0f245cc87,34520559493
/blog/why-home-building-bids-vary,768,True,4,0,0,0,0d5114a91df55c09b51cd13246967ff0f245cc87,34520559493
/blog/why-home-building-bids-vary,1024,True,4,0,0,0,0d5114a91df55c09b51cd13246967ff0f245cc87,34520559493
/blog/why-home-building-bids-vary,1366,True,4,0,0,0,0d5114a91df55c09b51cd13246967ff0f245cc87,34520559493
/blog/why-home-building-bids-vary,1440,True,4,0,0,0,0d5114a91df55c09b51cd13246967ff0f245cc87,34520559493
/blog/why-home-building-bids-vary,1920,True,4,0,0,0,0d5114a91df55c09b51cd13246967ff0f245cc87,34520559493
/contact,320,True,5,0,0,0,0d5114a91df55c09b51cd13246967ff0f245cc87,34520559493
/contact,390,True,5,0,0,0,0d5114a91df55c09b51cd13246967ff0f245cc87,34520559493
/contact,430,True,5,0,0,0,0d5114a91df55c09b51cd13246967ff0f245cc87,34520559493
/contact,600,True,5,0,0,0,0d5114a91df55c09b51cd13246967ff0f245cc87,34520559493
/contact,768,True,5,0,0,0,0d5114a91df55c09b51cd13246967ff0f245cc87,34520559493
/contact,1024,True,5,0,0,0,0d5114a91df55c09b51cd13246967ff0f245cc87,34520559493
/contact,1366,True,5,0,0,0,0d5114a91df55c09b51cd13246967ff0f245cc87,34520559493
/contact,1440,True,5,0,0,0,0d5114a91df55c09b51cd13246967ff0f245cc87,34520559493
/contact,1920,True,5,0,0,0,0d5114a91df55c09b51cd13246967ff0f245cc87,34520559493
/estimate,320,True,1,0,0,0,0d5114a91df55c09b51cd13246967ff0f245cc87,34520559493
/estimate,390,True,1,0,0,0,0d5114a91df55c09b51cd13246967ff0f245cc87,34520559493
/estimate,430,True,1,0,0,0,0d5114a91df55c09b51cd13246967ff0f245cc87,34520559493
/estimate,600,True,1,0,0,0,0d5114a91df55c09b51cd13246967ff0f245cc87,34520559493
/estimate,768,True,1,0,0,0,0d5114a91df55c09b51cd13246967ff0f245cc87,34520559493
/estimate,1024,True,1,0,0,0,0d5114a91df55c09b51cd13246967ff0f245cc87,34520559493
/estimate,1366,True,1,0,0,0,0d5114a91df55c09b51cd13246967ff0f245cc87,34520559493
/estimate,1440,True,1,0,0,0,0d5114a91df55c09b51cd13246967ff0f245cc87,34520559493
/estimate,1920,True,1,0,0,0,0d5114a91df55c09b51cd13246967ff0f245cc87,34520559493
/estimate/scope,320,True,2,0,0,0,55c430f9eab7366eea3b117381e196c7955e93ae,34522525616
/estimate/scope,390,True,2,0,0,0,55c430f9eab7366eea3b117381e196c7955e93ae,34522525616
/estimate/scope,430,True,2,0,0,0,55c430f9eab7366eea3b117381e196c7955e93ae,34522525616
/estimate/scope,600,True,2,0,0,0,55c430f9eab7366eea3b117381e196c7955e93ae,34522525616
/estimate/scope,768,True,2,0,0,0,55c430f9eab7366eea3b117381e196c7955e93ae,34522525616
/estimate/scope,1024,True,2,0,0,0,55c430f9eab7366eea3b117381e196c7955e93ae,34522525616
/estimate/scope,1366,True,2,0,0,0,55c430f9eab7366eea3b117381e196c7955e93ae,34522525616
/estimate/scope,1440,True,2,0,0,0,55c430f9eab7366eea3b117381e196c7955e93ae,34522525616
/estimate/scope,1920,True,2,0,0,0,55c430f9eab7366eea3b117381e196c7955e93ae,34522525616
/guides,320,True,20,0,0,0,0d5114a91df55c09b51cd13246967ff0f245cc87,34520559493
/guides,390,True,20,0,0,0,0d5114a91df55c09b51cd13246967ff0f245cc87,34520559493
/guides,430,True,20,0,0,0,0d5114a91df55c09b51cd13246967ff0f245cc87,34520559493
/guides,600,True,20,0,0,0,0d5114a91df55c09b51cd13246967ff0f245cc87,34520559493
/guides,768,True,20,0,0,0,0d5114a91df55c09b51cd13246967ff0f245cc87,34520559493
/guides,1024,True,20,0,0,0,0d5114a91df55c09b51cd13246967ff0f245cc87,34520559493
/guides,1366,True,20,0,0,0,0d5114a91df55c09b51cd13246967ff0f245cc87,34520559493
/guides,1440,True,20,0,0,0,0d5114a91df55c09b51cd13246967ff0f245cc87,34520559493
/guides,1920,True,20,0,0,0,0d5114a91df55c09b51cd13246967ff0f245cc87,34520559493
/guides/boise-home-building-cost-guide,320,True,3,0,0,0,0d5114a91df55c09b51cd13246967ff0f245cc87,34520559493
/guides/boise-home-building-cost-guide,390,True,3,0,0,0,0d5114a91df55c09b51cd13246967ff0f245cc87,34520559493
/guides/boise-home-building-cost-guide,430,True,3,0,0,0,0d5114a91df55c09b51cd13246967ff0f245cc87,34520559493
/guides/boise-home-building-cost-guide,600,True,3,0,0,0,0d5114a91df55c09b51cd13246967ff0f245cc87,34520559493
/guides/boise-home-building-cost-guide,768,True,3,0,0,0,0d5114a91df55c09b51cd13246967ff0f245cc87,34520559493
/guides/boise-home-building-cost-guide,1024,True,3,0,0,0,0d5114a91df55c09b51cd13246967ff0f245cc87,34520559493
/guides/boise-home-building-cost-guide,1366,True,3,0,0,0,0d5114a91df55c09b51cd13246967ff0f245cc87,34520559493
/guides/boise-home-building-cost-guide,1440,True,3,0,0,0,0d5114a91df55c09b51cd13246967ff0f245cc87,34520559493
/guides/boise-home-building-cost-guide,1920,True,3,0,0,0,0d5114a91df55c09b51cd13246967ff0f245cc87,34520559493
/guides/boise-home-building-guide,320,True,4,0,0,0,0d5114a91df55c09b51cd13246967ff0f245cc87,34520559493
/guides/boise-home-building-guide,390,True,4,0,0,0,0d5114a91df55c09b51cd13246967ff0f245cc87,34520559493
/guides/boise-home-building-guide,430,True,4,0,0,0,0d5114a91df55c09b51cd13246967ff0f245cc87,34520559493
/guides/boise-home-building-guide,600,True,4,0,0,0,0d5114a91df55c09b51cd13246967ff0f245cc87,34520559493
/guides/boise-home-building-guide,768,True,4,0,0,0,0d5114a91df55c09b51cd13246967ff0f245cc87,34520559493
/guides/boise-home-building-guide,1024,True,4,0,0,0,0d5114a91df55c09b51cd13246967ff0f245cc87,34520559493
/guides/boise-home-building-guide,1366,True,4,0,0,0,0d5114a91df55c09b51cd13246967ff0f245cc87,34520559493
/guides/boise-home-building-guide,1440,True,4,0,0,0,0d5114a91df55c09b51cd13246967ff0f245cc87,34520559493
/guides/boise-home-building-guide,1920,True,4,0,0,0,0d5114a91df55c09b51cd13246967ff0f245cc87,34520559493
/guides/boise-home-building-process-guide,320,True,3,0,0,0,0d5114a91df55c09b51cd13246967ff0f245cc87,34520559493
/guides/boise-home-building-process-guide,390,True,3,0,0,0,0d5114a91df55c09b51cd13246967ff0f245cc87,34520559493
/guides/boise-home-building-process-guide,430,True,3,0,0,0,0d5114a91df55c09b51cd13246967ff0f245cc87,34520559493
/guides/boise-home-building-process-guide,600,True,3,0,0,0,0d5114a91df55c09b51cd13246967ff0f245cc87,34520559493
/guides/boise-home-building-process-guide,768,True,3,0,0,0,0d5114a91df55c09b51cd13246967ff0f245cc87,34520559493
/guides/boise-home-building-process-guide,1024,True,3,0,0,0,0d5114a91df55c09b51cd13246967ff0f245cc87,34520559493
/guides/boise-home-building-process-guide,1366,True,3,0,0,0,0d5114a91df55c09b51cd13246967ff0f245cc87,34520559493
/guides/boise-home-building-process-guide,1440,True,3,0,0,0,0d5114a91df55c09b51cd13246967ff0f245cc87,34520559493
/guides/boise-home-building-process-guide,1920,True,3,0,0,0,0d5114a91df55c09b51cd13246967ff0f245cc87,34520559493
/guides/buying-land-to-build-boise,320,True,4,0,0,0,0d5114a91df55c09b51cd13246967ff0f245cc87,34520559493
/guides/buying-land-to-build-boise,390,True,4,0,0,0,0d5114a91df55c09b51cd13246967ff0f245cc87,34520559493
/guides/buying-land-to-build-boise,430,True,4,0,0,0,0d5114a91df55c09b51cd13246967ff0f245cc87,34520559493
/guides/buying-land-to-build-boise,600,True,4,0,0,0,0d5114a91df55c09b51cd13246967ff0f245cc87,34520559493
/guides/buying-land-to-build-boise,768,True,4,0,0,0,0d5114a91df55c09b51cd13246967ff0f245cc87,34520559493
/guides/buying-land-to-build-boise,1024,True,4,0,0,0,0d5114a91df55c09b51cd13246967ff0f245cc87,34520559493
/guides/buying-land-to-build-boise,1366,True,4,0,0,0,0d5114a91df55c09b51cd13246967ff0f245cc87,34520559493
/guides/buying-land-to-build-boise,1440,True,4,0,0,0,0d5114a91df55c09b51cd13246967ff0f245cc87,34520559493
/guides/buying-land-to-build-boise,1920,True,4,0,0,0,0d5114a91df55c09b51cd13246967ff0f245cc87,34520559493
/guides/caldwell-home-building-guide,320,True,4,0,0,0,0d5114a91df55c09b51cd13246967ff0f245cc87,34520559493
/guides/caldwell-home-building-guide,390,True,4,0,0,0,0d5114a91df55c09b51cd13246967ff0f245cc87,34520559493
/guides/caldwell-home-building-guide,430,True,4,0,0,0,0d5114a91df55c09b51cd13246967ff0f245cc87,34520559493
/guides/caldwell-home-building-guide,600,True,4,0,0,0,0d5114a91df55c09b51cd13246967ff0f245cc87,34520559493
/guides/caldwell-home-building-guide,768,True,4,0,0,0,0d5114a91df55c09b51cd13246967ff0f245cc87,34520559493
/guides/caldwell-home-building-guide,1024,True,4,0,0,0,0d5114a91df55c09b51cd13246967ff0f245cc87,34520559493
/guides/caldwell-home-building-guide,1366,True,4,0,0,0,0d5114a91df55c09b51cd13246967ff0f245cc87,34520559493
/guides/caldwell-home-building-guide,1440,True,4,0,0,0,0d5114a91df55c09b51cd13246967ff0f245cc87,34520559493
/guides/caldwell-home-building-guide,1920,True,4,0,0,0,0d5114a91df55c09b51cd13246967ff0f245cc87,34520559493
/guides/choose-home-builder-boise,320,True,3,0,0,0,0d5114a91df55c09b51cd13246967ff0f245cc87,34520559493
/guides/choose-home-builder-boise,390,True,3,0,0,0,0d5114a91df55c09b51cd13246967ff0f245cc87,34520559493
/guides/choose-home-builder-boise,430,True,3,0,0,0,0d5114a91df55c09b51cd13246967ff0f245cc87,34520559493
/guides/choose-home-builder-boise,600,True,3,0,0,0,0d5114a91df55c09b51cd13246967ff0f245cc87,34520559493
/guides/choose-home-builder-boise,768,True,3,0,0,0,0d5114a91df55c09b51cd13246967ff0f245cc87,34520559493
/guides/choose-home-builder-boise,1024,True,3,0,0,0,0d5114a91df55c09b51cd13246967ff0f245cc87,34520559493
/guides/choose-home-builder-boise,1366,True,3,0,0,0,0d5114a91df55c09b51cd13246967ff0f245cc87,34520559493
/guides/choose-home-builder-boise,1440,True,3,0,0,0,0d5114a91df55c09b51cd13246967ff0f245cc87,34520559493
/guides/choose-home-builder-boise,1920,True,3,0,0,0,0d5114a91df55c09b51cd13246967ff0f245cc87,34520559493
/guides/custom-home-design-guide,320,True,4,0,0,0,0d5114a91df55c09b51cd13246967ff0f245cc87,34520559493
/guides/custom-home-design-guide,390,True,4,0,0,0,0d5114a91df55c09b51cd13246967ff0f245cc87,34520559493
/guides/custom-home-design-guide,430,True,4,0,0,0,0d5114a91df55c09b51cd13246967ff0f245cc87,34520559493
/guides/custom-home-design-guide,600,True,4,0,0,0,0d5114a91df55c09b51cd13246967ff0f245cc87,34520559493
/guides/custom-home-design-guide,768,True,4,0,0,0,0d5114a91df55c09b51cd13246967ff0f245cc87,34520559493
/guides/custom-home-design-guide,1024,True,4,0,0,0,0d5114a91df55c09b51cd13246967ff0f245cc87,34520559493
/guides/custom-home-design-guide,1366,True,4,0,0,0,0d5114a91df55c09b51cd13246967ff0f245cc87,34520559493
/guides/custom-home-design-guide,1440,True,4,0,0,0,0d5114a91df55c09b51cd13246967ff0f245cc87,34520559493
/guides/custom-home-design-guide,1920,True,4,0,0,0,0d5114a91df55c09b51cd13246967ff0f245cc87,34520559493
/guides/eagle-foothills-home-building-guide,320,True,4,0,0,0,0d5114a91df55c09b51cd13246967ff0f245cc87,34520559493
/guides/eagle-foothills-home-building-guide,390,True,4,0,0,0,0d5114a91df55c09b51cd13246967ff0f245cc87,34520559493
/guides/eagle-foothills-home-building-guide,430,True,4,0,0,0,0d5114a91df55c09b51cd13246967ff0f245cc87,34520559493
/guides/eagle-foothills-home-building-guide,600,True,4,0,0,0,0d5114a91df55c09b51cd13246967ff0f245cc87,34520559493
/guides/eagle-foothills-home-building-guide,768,True,4,0,0,0,0d5114a91df55c09b51cd13246967ff0f245cc87,34520559493
/guides/eagle-foothills-home-building-guide,1024,True,4,0,0,0,0d5114a91df55c09b51cd13246967ff0f245cc87,34520559493
/guides/eagle-foothills-home-building-guide,1366,True,4,0,0,0,0d5114a91df55c09b51cd13246967ff0f245cc87,34520559493
/guides/eagle-foothills-home-building-guide,1440,True,4,0,0,0,0d5114a91df55c09b51cd13246967ff0f245cc87,34520559493
/guides/eagle-foothills-home-building-guide,1920,True,4,0,0,0,0d5114a91df55c09b51cd13246967ff0f245cc87,34520559493
/guides/eagle-home-building-guide,320,True,4,0,0,0,0d5114a91df55c09b51cd13246967ff0f245cc87,34520559493
/guides/eagle-home-building-guide,390,True,4,0,0,0,0d5114a91df55c09b51cd13246967ff0f245cc87,34520559493
/guides/eagle-home-building-guide,430,True,4,0,0,0,0d5114a91df55c09b51cd13246967ff0f245cc87,34520559493
/guides/eagle-home-building-guide,600,True,4,0,0,0,0d5114a91df55c09b51cd13246967ff0f245cc87,34520559493
/guides/eagle-home-building-guide,768,True,4,0,0,0,0d5114a91df55c09b51cd13246967ff0f245cc87,34520559493
/guides/eagle-home-building-guide,1024,True,4,0,0,0,0d5114a91df55c09b51cd13246967ff0f245cc87,34520559493
/guides/eagle-home-building-guide,1366,True,4,0,0,0,0d5114a91df55c09b51cd13246967ff0f245cc87,34520559493
/guides/eagle-home-building-guide,1440,True,4,0,0,0,0d5114a91df55c09b51cd13246967ff0f245cc87,34520559493
/guides/eagle-home-building-guide,1920,True,4,0,0,0,0d5114a91df55c09b51cd13246967ff0f245cc87,34520559493
/guides/harris-ranch-home-building-guide,320,True,4,0,0,0,0d5114a91df55c09b51cd13246967ff0f245cc87,34520559493
/guides/harris-ranch-home-building-guide,390,True,4,0,0,0,0d5114a91df55c09b51cd13246967ff0f245cc87,34520559493
/guides/harris-ranch-home-building-guide,430,True,4,0,0,0,0d5114a91df55c09b51cd13246967ff0f245cc87,34520559493
/guides/harris-ranch-home-building-guide,600,True,4,0,0,0,0d5114a91df55c09b51cd13246967ff0f245cc87,34520559493
/guides/harris-ranch-home-building-guide,768,True,4,0,0,0,0d5114a91df55c09b51cd13246967ff0f245cc87,34520559493
/guides/harris-ranch-home-building-guide,1024,True,4,0,0,0,0d5114a91df55c09b51cd13246967ff0f245cc87,34520559493
/guides/harris-ranch-home-building-guide,1366,True,4,0,0,0,0d5114a91df55c09b51cd13246967ff0f245cc87,34520559493
/guides/harris-ranch-home-building-guide,1440,True,4,0,0,0,0d5114a91df55c09b51cd13246967ff0f245cc87,34520559493
/guides/harris-ranch-home-building-guide,1920,True,4,0,0,0,0d5114a91df55c09b51cd13246967ff0f245cc87,34520559493
/guides/hidden-springs-home-building-guide,320,True,3,0,0,0,0d5114a91df55c09b51cd13246967ff0f245cc87,34520559493
/guides/hidden-springs-home-building-guide,390,True,3,0,0,0,0d5114a91df55c09b51cd13246967ff0f245cc87,34520559493
/guides/hidden-springs-home-building-guide,430,True,3,0,0,0,0d5114a91df55c09b51cd13246967ff0f245cc87,34520559493
/guides/hidden-springs-home-building-guide,600,True,3,0,0,0,0d5114a91df55c09b51cd13246967ff0f245cc87,34520559493
/guides/hidden-springs-home-building-guide,768,True,3,0,0,0,0d5114a91df55c09b51cd13246967ff0f245cc87,34520559493
/guides/hidden-springs-home-building-guide,1024,True,3,0,0,0,0d5114a91df55c09b51cd13246967ff0f245cc87,34520559493
/guides/hidden-springs-home-building-guide,1366,True,3,0,0,0,0d5114a91df55c09b51cd13246967ff0f245cc87,34520559493
/guides/hidden-springs-home-building-guide,1440,True,3,0,0,0,0d5114a91df55c09b51cd13246967ff0f245cc87,34520559493
/guides/hidden-springs-home-building-guide,1920,True,3,0,0,0,0d5114a91df55c09b51cd13246967ff0f245cc87,34520559493
/guides/kuna-home-building-guide,320,True,4,0,0,0,0d5114a91df55c09b51cd13246967ff0f245cc87,34520559493
/guides/kuna-home-building-guide,390,True,4,0,0,0,0d5114a91df55c09b51cd13246967ff0f245cc87,34520559493
/guides/kuna-home-building-guide,430,True,4,0,0,0,0d5114a91df55c09b51cd13246967ff0f245cc87,34520559493
/guides/kuna-home-building-guide,600,True,4,0,0,0,0d5114a91df55c09b51cd13246967ff0f245cc87,34520559493
/guides/kuna-home-building-guide,768,True,4,0,0,0,0d5114a91df55c09b51cd13246967ff0f245cc87,34520559493
/guides/kuna-home-building-guide,1024,True,4,0,0,0,0d5114a91df55c09b51cd13246967ff0f245cc87,34520559493
/guides/kuna-home-building-guide,1366,True,4,0,0,0,0d5114a91df55c09b51cd13246967ff0f245cc87,34520559493
/guides/kuna-home-building-guide,1440,True,4,0,0,0,0d5114a91df55c09b51cd13246967ff0f245cc87,34520559493
/guides/kuna-home-building-guide,1920,True,4,0,0,0,0d5114a91df55c09b51cd13246967ff0f245cc87,34520559493
/guides/meridian-home-building-guide,320,True,4,0,0,0,55c430f9eab7366eea3b117381e196c7955e93ae,34522525616
/guides/meridian-home-building-guide,390,True,4,0,0,0,55c430f9eab7366eea3b117381e196c7955e93ae,34522525616
/guides/meridian-home-building-guide,430,True,4,0,0,0,55c430f9eab7366eea3b117381e196c7955e93ae,34522525616
/guides/meridian-home-building-guide,600,True,4,0,0,0,55c430f9eab7366eea3b117381e196c7955e93ae,34522525616
/guides/meridian-home-building-guide,768,True,4,0,0,0,55c430f9eab7366eea3b117381e196c7955e93ae,34522525616
/guides/meridian-home-building-guide,1024,True,4,0,0,0,55c430f9eab7366eea3b117381e196c7955e93ae,34522525616
/guides/meridian-home-building-guide,1366,True,4,0,0,0,55c430f9eab7366eea3b117381e196c7955e93ae,34522525616
/guides/meridian-home-building-guide,1440,True,4,0,0,0,55c430f9eab7366eea3b117381e196c7955e93ae,34522525616
/guides/meridian-home-building-guide,1920,True,4,0,0,0,55c430f9eab7366eea3b117381e196c7955e93ae,34522525616
/guides/middleton-home-building-guide,320,True,4,0,0,0,0d5114a91df55c09b51cd13246967ff0f245cc87,34520559493
/guides/middleton-home-building-guide,390,True,4,0,0,0,0d5114a91df55c09b51cd13246967ff0f245cc87,34520559493
/guides/middleton-home-building-guide,430,True,4,0,0,0,0d5114a91df55c09b51cd13246967ff0f245cc87,34520559493
/guides/middleton-home-building-guide,600,True,4,0,0,0,0d5114a91df55c09b51cd13246967ff0f245cc87,34520559493
/guides/middleton-home-building-guide,768,True,4,0,0,0,0d5114a91df55c09b51cd13246967ff0f245cc87,34520559493
/guides/middleton-home-building-guide,1024,True,4,0,0,0,0d5114a91df55c09b51cd13246967ff0f245cc87,34520559493
/guides/middleton-home-building-guide,1366,True,4,0,0,0,0d5114a91df55c09b51cd13246967ff0f245cc87,34520559493
/guides/middleton-home-building-guide,1440,True,4,0,0,0,0d5114a91df55c09b51cd13246967ff0f245cc87,34520559493
/guides/middleton-home-building-guide,1920,True,4,0,0,0,0d5114a91df55c09b51cd13246967ff0f245cc87,34520559493
/guides/nampa-home-building-guide,320,True,4,0,0,0,0d5114a91df55c09b51cd13246967ff0f245cc87,34520559493
/guides/nampa-home-building-guide,390,True,4,0,0,0,0d5114a91df55c09b51cd13246967ff0f245cc87,34520559493
/guides/nampa-home-building-guide,430,True,4,0,0,0,0d5114a91df55c09b51cd13246967ff0f245cc87,34520559493
/guides/nampa-home-building-guide,600,True,4,0,0,0,0d5114a91df55c09b51cd13246967ff0f245cc87,34520559493
/guides/nampa-home-building-guide,768,True,4,0,0,0,0d5114a91df55c09b51cd13246967ff0f245cc87,34520559493
/guides/nampa-home-building-guide,1024,True,4,0,0,0,0d5114a91df55c09b51cd13246967ff0f245cc87,34520559493
/guides/nampa-home-building-guide,1366,True,4,0,0,0,0d5114a91df55c09b51cd13246967ff0f245cc87,34520559493
/guides/nampa-home-building-guide,1440,True,4,0,0,0,0d5114a91df55c09b51cd13246967ff0f245cc87,34520559493
/guides/nampa-home-building-guide,1920,True,4,0,0,0,0d5114a91df55c09b51cd13246967ff0f245cc87,34520559493
/guides/star-home-building-guide,320,True,4,0,0,0,0d5114a91df55c09b51cd13246967ff0f245cc87,34520559493
/guides/star-home-building-guide,390,True,4,0,0,0,0d5114a91df55c09b51cd13246967ff0f245cc87,34520559493
/guides/star-home-building-guide,430,True,4,0,0,0,0d5114a91df55c09b51cd13246967ff0f245cc87,34520559493
/guides/star-home-building-guide,600,True,4,0,0,0,0d5114a91df55c09b51cd13246967ff0f245cc87,34520559493
/guides/star-home-building-guide,768,True,4,0,0,0,0d5114a91df55c09b51cd13246967ff0f245cc87,34520559493
/guides/star-home-building-guide,1024,True,4,0,0,0,0d5114a91df55c09b51cd13246967ff0f245cc87,34520559493
/guides/star-home-building-guide,1366,True,4,0,0,0,0d5114a91df55c09b51cd13246967ff0f245cc87,34520559493
/guides/star-home-building-guide,1440,True,4,0,0,0,0d5114a91df55c09b51cd13246967ff0f245cc87,34520559493
/guides/star-home-building-guide,1920,True,4,0,0,0,0d5114a91df55c09b51cd13246967ff0f245cc87,34520559493
/guides/treasure-valley-home-building-guide,320,True,4,0,0,0,0d5114a91df55c09b51cd13246967ff0f245cc87,34520559493
/guides/treasure-valley-home-building-guide,390,True,4,0,0,0,0d5114a91df55c09b51cd13246967ff0f245cc87,34520559493
/guides/treasure-valley-home-building-guide,430,True,4,0,0,0,0d5114a91df55c09b51cd13246967ff0f245cc87,34520559493
/guides/treasure-valley-home-building-guide,600,True,4,0,0,0,0d5114a91df55c09b51cd13246967ff0f245cc87,34520559493
/guides/treasure-valley-home-building-guide,768,True,4,0,0,0,0d5114a91df55c09b51cd13246967ff0f245cc87,34520559493
/guides/treasure-valley-home-building-guide,1024,True,4,0,0,0,0d5114a91df55c09b51cd13246967ff0f245cc87,34520559493
/guides/treasure-valley-home-building-guide,1366,True,4,0,0,0,0d5114a91df55c09b51cd13246967ff0f245cc87,34520559493
/guides/treasure-valley-home-building-guide,1440,True,4,0,0,0,0d5114a91df55c09b51cd13246967ff0f245cc87,34520559493
/guides/treasure-valley-home-building-guide,1920,True,4,0,0,0,0d5114a91df55c09b51cd13246967ff0f245cc87,34520559493
/privacy-policy,320,True,2,0,0,0,0d5114a91df55c09b51cd13246967ff0f245cc87,34520559493
/privacy-policy,390,True,2,0,0,0,0d5114a91df55c09b51cd13246967ff0f245cc87,34520559493
/privacy-policy,430,True,2,0,0,0,0d5114a91df55c09b51cd13246967ff0f245cc87,34520559493
/privacy-policy,600,True,2,0,0,0,0d5114a91df55c09b51cd13246967ff0f245cc87,34520559493
/privacy-policy,768,True,2,0,0,0,0d5114a91df55c09b51cd13246967ff0f245cc87,34520559493
/privacy-policy,1024,True,2,0,0,0,0d5114a91df55c09b51cd13246967ff0f245cc87,34520559493
/privacy-policy,1366,True,2,0,0,0,0d5114a91df55c09b51cd13246967ff0f245cc87,34520559493
/privacy-policy,1440,True,2,0,0,0,0d5114a91df55c09b51cd13246967ff0f245cc87,34520559493
/privacy-policy,1920,True,2,0,0,0,0d5114a91df55c09b51cd13246967ff0f245cc87,34520559493
/re-10-repairs-boise,320,True,3,0,0,0,0d5114a91df55c09b51cd13246967ff0f245cc87,34520559493
/re-10-repairs-boise,390,True,3,0,0,0,0d5114a91df55c09b51cd13246967ff0f245cc87,34520559493
/re-10-repairs-boise,430,True,3,0,0,0,0d5114a91df55c09b51cd13246967ff0f245cc87,34520559493
/re-10-repairs-boise,600,True,3,0,0,0,0d5114a91df55c09b51cd13246967ff0f245cc87,34520559493
/re-10-repairs-boise,768,True,3,0,0,0,0d5114a91df55c09b51cd13246967ff0f245cc87,34520559493
/re-10-repairs-boise,1024,True,3,0,0,0,0d5114a91df55c09b51cd13246967ff0f245cc87,34520559493
/re-10-repairs-boise,1366,True,3,0,0,0,0d5114a91df55c09b51cd13246967ff0f245cc87,34520559493
/re-10-repairs-boise,1440,True,3,0,0,0,0d5114a91df55c09b51cd13246967ff0f245cc87,34520559493
/re-10-repairs-boise,1920,True,3,0,0,0,0d5114a91df55c09b51cd13246967ff0f245cc87,34520559493
/resources,320,True,2,0,0,0,0d5114a91df55c09b51cd13246967ff0f245cc87,34520559493
/resources,390,True,2,0,0,0,0d5114a91df55c09b51cd13246967ff0f245cc87,34520559493
/resources,430,True,2,0,0,0,0d5114a91df55c09b51cd13246967ff0f245cc87,34520559493
/resources,600,True,2,0,0,0,0d5114a91df55c09b51cd13246967ff0f245cc87,34520559493
/resources,768,True,2,0,0,0,0d5114a91df55c09b51cd13246967ff0f245cc87,34520559493
/resources,1024,True,2,0,0,0,0d5114a91df55c09b51cd13246967ff0f245cc87,34520559493
/resources,1366,True,2,0,0,0,0d5114a91df55c09b51cd13246967ff0f245cc87,34520559493
/resources,1440,True,2,0,0,0,0d5114a91df55c09b51cd13246967ff0f245cc87,34520559493
/resources,1920,True,2,0,0,0,0d5114a91df55c09b51cd13246967ff0f245cc87,34520559493
/resources/ada-canyon-permit-flow,320,True,2,0,0,0,0d5114a91df55c09b51cd13246967ff0f245cc87,34520559493
/resources/ada-canyon-permit-flow,390,True,2,0,0,0,0d5114a91df55c09b51cd13246967ff0f245cc87,34520559493
/resources/ada-canyon-permit-flow,430,True,2,0,0,0,0d5114a91df55c09b51cd13246967ff0f245cc87,34520559493
/resources/ada-canyon-permit-flow,600,True,2,0,0,0,0d5114a91df55c09b51cd13246967ff0f245cc87,34520559493
/resources/ada-canyon-permit-flow,768,True,2,0,0,0,0d5114a91df55c09b51cd13246967ff0f245cc87,34520559493
/resources/ada-canyon-permit-flow,1024,True,2,0,0,0,0d5114a91df55c09b51cd13246967ff0f245cc87,34520559493
/resources/ada-canyon-permit-flow,1366,True,2,0,0,0,0d5114a91df55c09b51cd13246967ff0f245cc87,34520559493
/resources/ada-canyon-permit-flow,1440,True,2,0,0,0,0d5114a91df55c09b51cd13246967ff0f245cc87,34520559493
/resources/ada-canyon-permit-flow,1920,True,2,0,0,0,0d5114a91df55c09b51cd13246967ff0f245cc87,34520559493
/services,320,True,13,0,0,0,0d5114a91df55c09b51cd13246967ff0f245cc87,34520559493
/services,390,True,13,0,0,0,0d5114a91df55c09b51cd13246967ff0f245cc87,34520559493
/services,430,True,13,0,0,0,0d5114a91df55c09b51cd13246967ff0f245cc87,34520559493
/services,600,True,13,0,0,0,0d5114a91df55c09b51cd13246967ff0f245cc87,34520559493
/services,768,True,13,0,0,0,0d5114a91df55c09b51cd13246967ff0f245cc87,34520559493
/services,1024,True,13,0,0,0,0d5114a91df55c09b51cd13246967ff0f245cc87,34520559493
/services,1366,True,13,0,0,0,0d5114a91df55c09b51cd13246967ff0f245cc87,34520559493
/services,1440,True,13,0,0,0,0d5114a91df55c09b51cd13246967ff0f245cc87,34520559493
/services,1920,True,13,0,0,0,0d5114a91df55c09b51cd13246967ff0f245cc87,34520559493
/services/build-on-your-lot,320,True,5,0,0,0,0d5114a91df55c09b51cd13246967ff0f245cc87,34520559493
/services/build-on-your-lot,390,True,5,0,0,0,0d5114a91df55c09b51cd13246967ff0f245cc87,34520559493
/services/build-on-your-lot,430,True,5,0,0,0,0d5114a91df55c09b51cd13246967ff0f245cc87,34520559493
/services/build-on-your-lot,600,True,5,0,0,0,0d5114a91df55c09b51cd13246967ff0f245cc87,34520559493
/services/build-on-your-lot,768,True,5,0,0,0,0d5114a91df55c09b51cd13246967ff0f245cc87,34520559493
/services/build-on-your-lot,1024,True,5,0,0,0,0d5114a91df55c09b51cd13246967ff0f245cc87,34520559493
/services/build-on-your-lot,1366,True,5,0,0,0,0d5114a91df55c09b51cd13246967ff0f245cc87,34520559493
/services/build-on-your-lot,1440,True,5,0,0,0,0d5114a91df55c09b51cd13246967ff0f245cc87,34520559493
/services/build-on-your-lot,1920,True,5,0,0,0,0d5114a91df55c09b51cd13246967ff0f245cc87,34520559493
/services/build-on-your-lot/boise,320,True,5,0,0,0,0d5114a91df55c09b51cd13246967ff0f245cc87,34520559493
/services/build-on-your-lot/boise,390,True,5,0,0,0,0d5114a91df55c09b51cd13246967ff0f245cc87,34520559493
/services/build-on-your-lot/boise,430,True,5,0,0,0,0d5114a91df55c09b51cd13246967ff0f245cc87,34520559493
/services/build-on-your-lot/boise,600,True,5,0,0,0,0d5114a91df55c09b51cd13246967ff0f245cc87,34520559493
/services/build-on-your-lot/boise,768,True,5,0,0,0,0d5114a91df55c09b51cd13246967ff0f245cc87,34520559493
/services/build-on-your-lot/boise,1024,True,5,0,0,0,0d5114a91df55c09b51cd13246967ff0f245cc87,34520559493
/services/build-on-your-lot/boise,1366,True,5,0,0,0,0d5114a91df55c09b51cd13246967ff0f245cc87,34520559493
/services/build-on-your-lot/boise,1440,True,5,0,0,0,0d5114a91df55c09b51cd13246967ff0f245cc87,34520559493
/services/build-on-your-lot/boise,1920,True,5,0,0,0,0d5114a91df55c09b51cd13246967ff0f245cc87,34520559493
/services/build-on-your-lot/caldwell,320,True,5,0,0,0,0d5114a91df55c09b51cd13246967ff0f245cc87,34520559493
/services/build-on-your-lot/caldwell,390,True,5,0,0,0,0d5114a91df55c09b51cd13246967ff0f245cc87,34520559493
/services/build-on-your-lot/caldwell,430,True,5,0,0,0,0d5114a91df55c09b51cd13246967ff0f245cc87,34520559493
/services/build-on-your-lot/caldwell,600,True,5,0,0,0,0d5114a91df55c09b51cd13246967ff0f245cc87,34520559493
/services/build-on-your-lot/caldwell,768,True,5,0,0,0,0d5114a91df55c09b51cd13246967ff0f245cc87,34520559493
/services/build-on-your-lot/caldwell,1024,True,5,0,0,0,0d5114a91df55c09b51cd13246967ff0f245cc87,34520559493
/services/build-on-your-lot/caldwell,1366,True,5,0,0,0,0d5114a91df55c09b51cd13246967ff0f245cc87,34520559493
/services/build-on-your-lot/caldwell,1440,True,5,0,0,0,0d5114a91df55c09b51cd13246967ff0f245cc87,34520559493
/services/build-on-your-lot/caldwell,1920,True,5,0,0,0,0d5114a91df55c09b51cd13246967ff0f245cc87,34520559493
/services/build-on-your-lot/eagle,320,True,5,0,0,0,0d5114a91df55c09b51cd13246967ff0f245cc87,34520559493
/services/build-on-your-lot/eagle,390,True,5,0,0,0,0d5114a91df55c09b51cd13246967ff0f245cc87,34520559493
/services/build-on-your-lot/eagle,430,True,5,0,0,0,0d5114a91df55c09b51cd13246967ff0f245cc87,34520559493
/services/build-on-your-lot/eagle,600,True,5,0,0,0,0d5114a91df55c09b51cd13246967ff0f245cc87,34520559493
/services/build-on-your-lot/eagle,768,True,5,0,0,0,0d5114a91df55c09b51cd13246967ff0f245cc87,34520559493
/services/build-on-your-lot/eagle,1024,True,5,0,0,0,0d5114a91df55c09b51cd13246967ff0f245cc87,34520559493
/services/build-on-your-lot/eagle,1366,True,5,0,0,0,0d5114a91df55c09b51cd13246967ff0f245cc87,34520559493
/services/build-on-your-lot/eagle,1440,True,5,0,0,0,0d5114a91df55c09b51cd13246967ff0f245cc87,34520559493
/services/build-on-your-lot/eagle,1920,True,5,0,0,0,0d5114a91df55c09b51cd13246967ff0f245cc87,34520559493
/services/build-on-your-lot/garden-city,320,True,5,0,0,0,0d5114a91df55c09b51cd13246967ff0f245cc87,34520559493
/services/build-on-your-lot/garden-city,390,True,5,0,0,0,0d5114a91df55c09b51cd13246967ff0f245cc87,34520559493
/services/build-on-your-lot/garden-city,430,True,5,0,0,0,0d5114a91df55c09b51cd13246967ff0f245cc87,34520559493
/services/build-on-your-lot/garden-city,600,True,5,0,0,0,0d5114a91df55c09b51cd13246967ff0f245cc87,34520559493
/services/build-on-your-lot/garden-city,768,True,5,0,0,0,0d5114a91df55c09b51cd13246967ff0f245cc87,34520559493
/services/build-on-your-lot/garden-city,1024,True,5,0,0,0,0d5114a91df55c09b51cd13246967ff0f245cc87,34520559493
/services/build-on-your-lot/garden-city,1366,True,5,0,0,0,0d5114a91df55c09b51cd13246967ff0f245cc87,34520559493
/services/build-on-your-lot/garden-city,1440,True,5,0,0,0,0d5114a91df55c09b51cd13246967ff0f245cc87,34520559493
/services/build-on-your-lot/garden-city,1920,True,5,0,0,0,0d5114a91df55c09b51cd13246967ff0f245cc87,34520559493
/services/build-on-your-lot/kuna,320,True,5,0,0,0,0d5114a91df55c09b51cd13246967ff0f245cc87,34520559493
/services/build-on-your-lot/kuna,390,True,5,0,0,0,0d5114a91df55c09b51cd13246967ff0f245cc87,34520559493
/services/build-on-your-lot/kuna,430,True,5,0,0,0,0d5114a91df55c09b51cd13246967ff0f245cc87,34520559493
/services/build-on-your-lot/kuna,600,True,5,0,0,0,0d5114a91df55c09b51cd13246967ff0f245cc87,34520559493
/services/build-on-your-lot/kuna,768,True,5,0,0,0,0d5114a91df55c09b51cd13246967ff0f245cc87,34520559493
/services/build-on-your-lot/kuna,1024,True,5,0,0,0,0d5114a91df55c09b51cd13246967ff0f245cc87,34520559493
/services/build-on-your-lot/kuna,1366,True,5,0,0,0,0d5114a91df55c09b51cd13246967ff0f245cc87,34520559493
/services/build-on-your-lot/kuna,1440,True,5,0,0,0,0d5114a91df55c09b51cd13246967ff0f245cc87,34520559493
/services/build-on-your-lot/kuna,1920,True,5,0,0,0,0d5114a91df55c09b51cd13246967ff0f245cc87,34520559493
/services/build-on-your-lot/meridian,320,True,5,0,0,0,0d5114a91df55c09b51cd13246967ff0f245cc87,34520559493
/services/build-on-your-lot/meridian,390,True,5,0,0,0,0d5114a91df55c09b51cd13246967ff0f245cc87,34520559493
/services/build-on-your-lot/meridian,430,True,5,0,0,0,0d5114a91df55c09b51cd13246967ff0f245cc87,34520559493
/services/build-on-your-lot/meridian,600,True,5,0,0,0,0d5114a91df55c09b51cd13246967ff0f245cc87,34520559493
/services/build-on-your-lot/meridian,768,True,5,0,0,0,0d5114a91df55c09b51cd13246967ff0f245cc87,34520559493
/services/build-on-your-lot/meridian,1024,True,5,0,0,0,0d5114a91df55c09b51cd13246967ff0f245cc87,34520559493
/services/build-on-your-lot/meridian,1366,True,5,0,0,0,0d5114a91df55c09b51cd13246967ff0f245cc87,34520559493
/services/build-on-your-lot/meridian,1440,True,5,0,0,0,0d5114a91df55c09b51cd13246967ff0f245cc87,34520559493
/services/build-on-your-lot/meridian,1920,True,5,0,0,0,0d5114a91df55c09b51cd13246967ff0f245cc87,34520559493
/services/build-on-your-lot/middleton,320,True,5,0,0,0,0d5114a91df55c09b51cd13246967ff0f245cc87,34520559493
/services/build-on-your-lot/middleton,390,True,5,0,0,0,0d5114a91df55c09b51cd13246967ff0f245cc87,34520559493
/services/build-on-your-lot/middleton,430,True,5,0,0,0,0d5114a91df55c09b51cd13246967ff0f245cc87,34520559493
/services/build-on-your-lot/middleton,600,True,5,0,0,0,0d5114a91df55c09b51cd13246967ff0f245cc87,34520559493
/services/build-on-your-lot/middleton,768,True,5,0,0,0,0d5114a91df55c09b51cd13246967ff0f245cc87,34520559493
/services/build-on-your-lot/middleton,1024,True,5,0,0,0,0d5114a91df55c09b51cd13246967ff0f245cc87,34520559493
/services/build-on-your-lot/middleton,1366,True,5,0,0,0,0d5114a91df55c09b51cd13246967ff0f245cc87,34520559493
/services/build-on-your-lot/middleton,1440,True,5,0,0,0,0d5114a91df55c09b51cd13246967ff0f245cc87,34520559493
/services/build-on-your-lot/middleton,1920,True,5,0,0,0,0d5114a91df55c09b51cd13246967ff0f245cc87,34520559493
/services/build-on-your-lot/nampa,320,True,5,0,0,0,0d5114a91df55c09b51cd13246967ff0f245cc87,34520559493
/services/build-on-your-lot/nampa,390,True,5,0,0,0,0d5114a91df55c09b51cd13246967ff0f245cc87,34520559493
/services/build-on-your-lot/nampa,430,True,5,0,0,0,0d5114a91df55c09b51cd13246967ff0f245cc87,34520559493
/services/build-on-your-lot/nampa,600,True,5,0,0,0,0d5114a91df55c09b51cd13246967ff0f245cc87,34520559493
/services/build-on-your-lot/nampa,768,True,5,0,0,0,0d5114a91df55c09b51cd13246967ff0f245cc87,34520559493
/services/build-on-your-lot/nampa,1024,True,5,0,0,0,0d5114a91df55c09b51cd13246967ff0f245cc87,34520559493
/services/build-on-your-lot/nampa,1366,True,5,0,0,0,0d5114a91df55c09b51cd13246967ff0f245cc87,34520559493
/services/build-on-your-lot/nampa,1440,True,5,0,0,0,0d5114a91df55c09b51cd13246967ff0f245cc87,34520559493
/services/build-on-your-lot/nampa,1920,True,5,0,0,0,0d5114a91df55c09b51cd13246967ff0f245cc87,34520559493
/services/build-on-your-lot/star,320,True,5,0,0,0,0d5114a91df55c09b51cd13246967ff0f245cc87,34520559493
/services/build-on-your-lot/star,390,True,5,0,0,0,0d5114a91df55c09b51cd13246967ff0f245cc87,34520559493
/services/build-on-your-lot/star,430,True,5,0,0,0,0d5114a91df55c09b51cd13246967ff0f245cc87,34520559493
/services/build-on-your-lot/star,600,True,5,0,0,0,0d5114a91df55c09b51cd13246967ff0f245cc87,34520559493
/services/build-on-your-lot/star,768,True,5,0,0,0,0d5114a91df55c09b51cd13246967ff0f245cc87,34520559493
/services/build-on-your-lot/star,1024,True,5,0,0,0,0d5114a91df55c09b51cd13246967ff0f245cc87,34520559493
/services/build-on-your-lot/star,1366,True,5,0,0,0,0d5114a91df55c09b51cd13246967ff0f245cc87,34520559493
/services/build-on-your-lot/star,1440,True,5,0,0,0,0d5114a91df55c09b51cd13246967ff0f245cc87,34520559493
/services/build-on-your-lot/star,1920,True,5,0,0,0,0d5114a91df55c09b51cd13246967ff0f245cc87,34520559493
/services/custom-home-builder,320,True,5,0,0,0,0d5114a91df55c09b51cd13246967ff0f245cc87,34520559493
/services/custom-home-builder,390,True,5,0,0,0,0d5114a91df55c09b51cd13246967ff0f245cc87,34520559493
/services/custom-home-builder,430,True,5,0,0,0,0d5114a91df55c09b51cd13246967ff0f245cc87,34520559493
/services/custom-home-builder,600,True,5,0,0,0,0d5114a91df55c09b51cd13246967ff0f245cc87,34520559493
/services/custom-home-builder,768,True,5,0,0,0,0d5114a91df55c09b51cd13246967ff0f245cc87,34520559493
/services/custom-home-builder,1024,True,5,0,0,0,0d5114a91df55c09b51cd13246967ff0f245cc87,34520559493
/services/custom-home-builder,1366,True,5,0,0,0,0d5114a91df55c09b51cd13246967ff0f245cc87,34520559493
/services/custom-home-builder,1440,True,5,0,0,0,0d5114a91df55c09b51cd13246967ff0f245cc87,34520559493
/services/custom-home-builder,1920,True,5,0,0,0,0d5114a91df55c09b51cd13246967ff0f245cc87,34520559493
/services/custom-home-builder/boise,320,True,5,0,0,0,0d5114a91df55c09b51cd13246967ff0f245cc87,34520559493
/services/custom-home-builder/boise,390,True,5,0,0,0,0d5114a91df55c09b51cd13246967ff0f245cc87,34520559493
/services/custom-home-builder/boise,430,True,5,0,0,0,0d5114a91df55c09b51cd13246967ff0f245cc87,34520559493
/services/custom-home-builder/boise,600,True,5,0,0,0,0d5114a91df55c09b51cd13246967ff0f245cc87,34520559493
/services/custom-home-builder/boise,768,True,5,0,0,0,0d5114a91df55c09b51cd13246967ff0f245cc87,34520559493
/services/custom-home-builder/boise,1024,True,5,0,0,0,0d5114a91df55c09b51cd13246967ff0f245cc87,34520559493
/services/custom-home-builder/boise,1366,True,5,0,0,0,0d5114a91df55c09b51cd13246967ff0f245cc87,34520559493
/services/custom-home-builder/boise,1440,True,5,0,0,0,0d5114a91df55c09b51cd13246967ff0f245cc87,34520559493
/services/custom-home-builder/boise,1920,True,5,0,0,0,0d5114a91df55c09b51cd13246967ff0f245cc87,34520559493
/services/custom-home-builder/caldwell,320,True,5,0,0,0,0d5114a91df55c09b51cd13246967ff0f245cc87,34520559493
/services/custom-home-builder/caldwell,390,True,5,0,0,0,0d5114a91df55c09b51cd13246967ff0f245cc87,34520559493
/services/custom-home-builder/caldwell,430,True,5,0,0,0,0d5114a91df55c09b51cd13246967ff0f245cc87,34520559493
/services/custom-home-builder/caldwell,600,True,5,0,0,0,0d5114a91df55c09b51cd13246967ff0f245cc87,34520559493
/services/custom-home-builder/caldwell,768,True,5,0,0,0,0d5114a91df55c09b51cd13246967ff0f245cc87,34520559493
/services/custom-home-builder/caldwell,1024,True,5,0,0,0,0d5114a91df55c09b51cd13246967ff0f245cc87,34520559493
/services/custom-home-builder/caldwell,1366,True,5,0,0,0,0d5114a91df55c09b51cd13246967ff0f245cc87,34520559493
/services/custom-home-builder/caldwell,1440,True,5,0,0,0,0d5114a91df55c09b51cd13246967ff0f245cc87,34520559493
/services/custom-home-builder/caldwell,1920,True,5,0,0,0,0d5114a91df55c09b51cd13246967ff0f245cc87,34520559493
/services/custom-home-builder/eagle,320,True,5,0,0,0,0d5114a91df55c09b51cd13246967ff0f245cc87,34520559493
/services/custom-home-builder/eagle,390,True,5,0,0,0,0d5114a91df55c09b51cd13246967ff0f245cc87,34520559493
/services/custom-home-builder/eagle,430,True,5,0,0,0,0d5114a91df55c09b51cd13246967ff0f245cc87,34520559493
/services/custom-home-builder/eagle,600,True,5,0,0,0,0d5114a91df55c09b51cd13246967ff0f245cc87,34520559493
/services/custom-home-builder/eagle,768,True,5,0,0,0,0d5114a91df55c09b51cd13246967ff0f245cc87,34520559493
/services/custom-home-builder/eagle,1024,True,5,0,0,0,0d5114a91df55c09b51cd13246967ff0f245cc87,34520559493
/services/custom-home-builder/eagle,1366,True,5,0,0,0,0d5114a91df55c09b51cd13246967ff0f245cc87,34520559493
/services/custom-home-builder/eagle,1440,True,5,0,0,0,0d5114a91df55c09b51cd13246967ff0f245cc87,34520559493
/services/custom-home-builder/eagle,1920,True,5,0,0,0,0d5114a91df55c09b51cd13246967ff0f245cc87,34520559493
/services/custom-home-builder/garden-city,320,True,5,0,0,0,0d5114a91df55c09b51cd13246967ff0f245cc87,34520559493
/services/custom-home-builder/garden-city,390,True,5,0,0,0,0d5114a91df55c09b51cd13246967ff0f245cc87,34520559493
/services/custom-home-builder/garden-city,430,True,5,0,0,0,0d5114a91df55c09b51cd13246967ff0f245cc87,34520559493
/services/custom-home-builder/garden-city,600,True,5,0,0,0,0d5114a91df55c09b51cd13246967ff0f245cc87,34520559493
/services/custom-home-builder/garden-city,768,True,5,0,0,0,0d5114a91df55c09b51cd13246967ff0f245cc87,34520559493
/services/custom-home-builder/garden-city,1024,True,5,0,0,0,0d5114a91df55c09b51cd13246967ff0f245cc87,34520559493
/services/custom-home-builder/garden-city,1366,True,5,0,0,0,0d5114a91df55c09b51cd13246967ff0f245cc87,34520559493
/services/custom-home-builder/garden-city,1440,True,5,0,0,0,0d5114a91df55c09b51cd13246967ff0f245cc87,34520559493
/services/custom-home-builder/garden-city,1920,True,5,0,0,0,0d5114a91df55c09b51cd13246967ff0f245cc87,34520559493
/services/custom-home-builder/kuna,320,True,5,0,0,0,0d5114a91df55c09b51cd13246967ff0f245cc87,34520559493
/services/custom-home-builder/kuna,390,True,5,0,0,0,0d5114a91df55c09b51cd13246967ff0f245cc87,34520559493
/services/custom-home-builder/kuna,430,True,5,0,0,0,0d5114a91df55c09b51cd13246967ff0f245cc87,34520559493
/services/custom-home-builder/kuna,600,True,5,0,0,0,0d5114a91df55c09b51cd13246967ff0f245cc87,34520559493
/services/custom-home-builder/kuna,768,True,5,0,0,0,0d5114a91df55c09b51cd13246967ff0f245cc87,34520559493
/services/custom-home-builder/kuna,1024,True,5,0,0,0,0d5114a91df55c09b51cd13246967ff0f245cc87,34520559493
/services/custom-home-builder/kuna,1366,True,5,0,0,0,0d5114a91df55c09b51cd13246967ff0f245cc87,34520559493
/services/custom-home-builder/kuna,1440,True,5,0,0,0,0d5114a91df55c09b51cd13246967ff0f245cc87,34520559493
/services/custom-home-builder/kuna,1920,True,5,0,0,0,0d5114a91df55c09b51cd13246967ff0f245cc87,34520559493
/services/custom-home-builder/meridian,320,True,5,0,0,0,0d5114a91df55c09b51cd13246967ff0f245cc87,34520559493
/services/custom-home-builder/meridian,390,True,5,0,0,0,0d5114a91df55c09b51cd13246967ff0f245cc87,34520559493
/services/custom-home-builder/meridian,430,True,5,0,0,0,0d5114a91df55c09b51cd13246967ff0f245cc87,34520559493
/services/custom-home-builder/meridian,600,True,5,0,0,0,0d5114a91df55c09b51cd13246967ff0f245cc87,34520559493
/services/custom-home-builder/meridian,768,True,5,0,0,0,0d5114a91df55c09b51cd13246967ff0f245cc87,34520559493
/services/custom-home-builder/meridian,1024,True,5,0,0,0,0d5114a91df55c09b51cd13246967ff0f245cc87,34520559493
/services/custom-home-builder/meridian,1366,True,5,0,0,0,0d5114a91df55c09b51cd13246967ff0f245cc87,34520559493
/services/custom-home-builder/meridian,1440,True,5,0,0,0,0d5114a91df55c09b51cd13246967ff0f245cc87,34520559493
/services/custom-home-builder/meridian,1920,True,5,0,0,0,0d5114a91df55c09b51cd13246967ff0f245cc87,34520559493
/services/custom-home-builder/middleton,320,True,5,0,0,0,0d5114a91df55c09b51cd13246967ff0f245cc87,34520559493
/services/custom-home-builder/middleton,390,True,5,0,0,0,0d5114a91df55c09b51cd13246967ff0f245cc87,34520559493
/services/custom-home-builder/middleton,430,True,5,0,0,0,0d5114a91df55c09b51cd13246967ff0f245cc87,34520559493
/services/custom-home-builder/middleton,600,True,5,0,0,0,0d5114a91df55c09b51cd13246967ff0f245cc87,34520559493
/services/custom-home-builder/middleton,768,True,5,0,0,0,0d5114a91df55c09b51cd13246967ff0f245cc87,34520559493
/services/custom-home-builder/middleton,1024,True,5,0,0,0,0d5114a91df55c09b51cd13246967ff0f245cc87,34520559493
/services/custom-home-builder/middleton,1366,True,5,0,0,0,0d5114a91df55c09b51cd13246967ff0f245cc87,34520559493
/services/custom-home-builder/middleton,1440,True,5,0,0,0,0d5114a91df55c09b51cd13246967ff0f245cc87,34520559493
/services/custom-home-builder/middleton,1920,True,5,0,0,0,0d5114a91df55c09b51cd13246967ff0f245cc87,34520559493
/services/custom-home-builder/nampa,320,True,5,0,0,0,0d5114a91df55c09b51cd13246967ff0f245cc87,34520559493
/services/custom-home-builder/nampa,390,True,5,0,0,0,0d5114a91df55c09b51cd13246967ff0f245cc87,34520559493
/services/custom-home-builder/nampa,430,True,5,0,0,0,0d5114a91df55c09b51cd13246967ff0f245cc87,34520559493
/services/custom-home-builder/nampa,600,True,5,0,0,0,0d5114a91df55c09b51cd13246967ff0f245cc87,34520559493
/services/custom-home-builder/nampa,768,True,5,0,0,0,0d5114a91df55c09b51cd13246967ff0f245cc87,34520559493
/services/custom-home-builder/nampa,1024,True,5,0,0,0,0d5114a91df55c09b51cd13246967ff0f245cc87,34520559493
/services/custom-home-builder/nampa,1366,True,5,0,0,0,0d5114a91df55c09b51cd13246967ff0f245cc87,34520559493
/services/custom-home-builder/nampa,1440,True,5,0,0,0,0d5114a91df55c09b51cd13246967ff0f245cc87,34520559493
/services/custom-home-builder/nampa,1920,True,5,0,0,0,0d5114a91df55c09b51cd13246967ff0f245cc87,34520559493
/services/custom-home-builder/star,320,True,5,0,0,0,0d5114a91df55c09b51cd13246967ff0f245cc87,34520559493
/services/custom-home-builder/star,390,True,5,0,0,0,0d5114a91df55c09b51cd13246967ff0f245cc87,34520559493
/services/custom-home-builder/star,430,True,5,0,0,0,0d5114a91df55c09b51cd13246967ff0f245cc87,34520559493
/services/custom-home-builder/star,600,True,5,0,0,0,0d5114a91df55c09b51cd13246967ff0f245cc87,34520559493
/services/custom-home-builder/star,768,True,5,0,0,0,0d5114a91df55c09b51cd13246967ff0f245cc87,34520559493
/services/custom-home-builder/star,1024,True,5,0,0,0,0d5114a91df55c09b51cd13246967ff0f245cc87,34520559493
/services/custom-home-builder/star,1366,True,5,0,0,0,0d5114a91df55c09b51cd13246967ff0f245cc87,34520559493
/services/custom-home-builder/star,1440,True,5,0,0,0,0d5114a91df55c09b51cd13246967ff0f245cc87,34520559493
/services/custom-home-builder/star,1920,True,5,0,0,0,0d5114a91df55c09b51cd13246967ff0f245cc87,34520559493
/services/design-build,320,True,5,0,0,0,0d5114a91df55c09b51cd13246967ff0f245cc87,34520559493
/services/design-build,390,True,5,0,0,0,0d5114a91df55c09b51cd13246967ff0f245cc87,34520559493
/services/design-build,430,True,5,0,0,0,0d5114a91df55c09b51cd13246967ff0f245cc87,34520559493
/services/design-build,600,True,5,0,0,0,0d5114a91df55c09b51cd13246967ff0f245cc87,34520559493
/services/design-build,768,True,5,0,0,0,0d5114a91df55c09b51cd13246967ff0f245cc87,34520559493
/services/design-build,1024,True,5,0,0,0,0d5114a91df55c09b51cd13246967ff0f245cc87,34520559493
/services/design-build,1366,True,5,0,0,0,0d5114a91df55c09b51cd13246967ff0f245cc87,34520559493
/services/design-build,1440,True,5,0,0,0,0d5114a91df55c09b51cd13246967ff0f245cc87,34520559493
/services/design-build,1920,True,5,0,0,0,0d5114a91df55c09b51cd13246967ff0f245cc87,34520559493
/services/design-build/boise,320,True,5,0,0,0,0d5114a91df55c09b51cd13246967ff0f245cc87,34520559493
/services/design-build/boise,390,True,5,0,0,0,0d5114a91df55c09b51cd13246967ff0f245cc87,34520559493
/services/design-build/boise,430,True,5,0,0,0,0d5114a91df55c09b51cd13246967ff0f245cc87,34520559493
/services/design-build/boise,600,True,5,0,0,0,0d5114a91df55c09b51cd13246967ff0f245cc87,34520559493
/services/design-build/boise,768,True,5,0,0,0,0d5114a91df55c09b51cd13246967ff0f245cc87,34520559493
/services/design-build/boise,1024,True,5,0,0,0,0d5114a91df55c09b51cd13246967ff0f245cc87,34520559493
/services/design-build/boise,1366,True,5,0,0,0,0d5114a91df55c09b51cd13246967ff0f245cc87,34520559493
/services/design-build/boise,1440,True,5,0,0,0,0d5114a91df55c09b51cd13246967ff0f245cc87,34520559493
/services/design-build/boise,1920,True,5,0,0,0,0d5114a91df55c09b51cd13246967ff0f245cc87,34520559493
/services/design-build/caldwell,320,True,5,0,0,0,0d5114a91df55c09b51cd13246967ff0f245cc87,34520559493
/services/design-build/caldwell,390,True,5,0,0,0,0d5114a91df55c09b51cd13246967ff0f245cc87,34520559493
/services/design-build/caldwell,430,True,5,0,0,0,0d5114a91df55c09b51cd13246967ff0f245cc87,34520559493
/services/design-build/caldwell,600,True,5,0,0,0,0d5114a91df55c09b51cd13246967ff0f245cc87,34520559493
/services/design-build/caldwell,768,True,5,0,0,0,0d5114a91df55c09b51cd13246967ff0f245cc87,34520559493
/services/design-build/caldwell,1024,True,5,0,0,0,0d5114a91df55c09b51cd13246967ff0f245cc87,34520559493
/services/design-build/caldwell,1366,True,5,0,0,0,0d5114a91df55c09b51cd13246967ff0f245cc87,34520559493
/services/design-build/caldwell,1440,True,5,0,0,0,0d5114a91df55c09b51cd13246967ff0f245cc87,34520559493
/services/design-build/caldwell,1920,True,5,0,0,0,0d5114a91df55c09b51cd13246967ff0f245cc87,34520559493
/services/design-build/eagle,320,True,5,0,0,0,0d5114a91df55c09b51cd13246967ff0f245cc87,34520559493
/services/design-build/eagle,390,True,5,0,0,0,0d5114a91df55c09b51cd13246967ff0f245cc87,34520559493
/services/design-build/eagle,430,True,5,0,0,0,0d5114a91df55c09b51cd13246967ff0f245cc87,34520559493
/services/design-build/eagle,600,True,5,0,0,0,0d5114a91df55c09b51cd13246967ff0f245cc87,34520559493
/services/design-build/eagle,768,True,5,0,0,0,0d5114a91df55c09b51cd13246967ff0f245cc87,34520559493
/services/design-build/eagle,1024,True,5,0,0,0,0d5114a91df55c09b51cd13246967ff0f245cc87,34520559493
/services/design-build/eagle,1366,True,5,0,0,0,0d5114a91df55c09b51cd13246967ff0f245cc87,34520559493
/services/design-build/eagle,1440,True,5,0,0,0,0d5114a91df55c09b51cd13246967ff0f245cc87,34520559493
/services/design-build/eagle,1920,True,5,0,0,0,0d5114a91df55c09b51cd13246967ff0f245cc87,34520559493
/services/design-build/garden-city,320,True,5,0,0,0,0d5114a91df55c09b51cd13246967ff0f245cc87,34520559493
/services/design-build/garden-city,390,True,5,0,0,0,0d5114a91df55c09b51cd13246967ff0f245cc87,34520559493
/services/design-build/garden-city,430,True,5,0,0,0,0d5114a91df55c09b51cd13246967ff0f245cc87,34520559493
/services/design-build/garden-city,600,True,5,0,0,0,0d5114a91df55c09b51cd13246967ff0f245cc87,34520559493
/services/design-build/garden-city,768,True,5,0,0,0,0d5114a91df55c09b51cd13246967ff0f245cc87,34520559493
/services/design-build/garden-city,1024,True,5,0,0,0,0d5114a91df55c09b51cd13246967ff0f245cc87,34520559493
/services/design-build/garden-city,1366,True,5,0,0,0,0d5114a91df55c09b51cd13246967ff0f245cc87,34520559493
/services/design-build/garden-city,1440,True,5,0,0,0,0d5114a91df55c09b51cd13246967ff0f245cc87,34520559493
/services/design-build/garden-city,1920,True,5,0,0,0,0d5114a91df55c09b51cd13246967ff0f245cc87,34520559493
/services/design-build/kuna,320,True,5,0,0,0,0d5114a91df55c09b51cd13246967ff0f245cc87,34520559493
/services/design-build/kuna,390,True,5,0,0,0,0d5114a91df55c09b51cd13246967ff0f245cc87,34520559493
/services/design-build/kuna,430,True,5,0,0,0,0d5114a91df55c09b51cd13246967ff0f245cc87,34520559493
/services/design-build/kuna,600,True,5,0,0,0,0d5114a91df55c09b51cd13246967ff0f245cc87,34520559493
/services/design-build/kuna,768,True,5,0,0,0,0d5114a91df55c09b51cd13246967ff0f245cc87,34520559493
/services/design-build/kuna,1024,True,5,0,0,0,0d5114a91df55c09b51cd13246967ff0f245cc87,34520559493
/services/design-build/kuna,1366,True,5,0,0,0,0d5114a91df55c09b51cd13246967ff0f245cc87,34520559493
/services/design-build/kuna,1440,True,5,0,0,0,0d5114a91df55c09b51cd13246967ff0f245cc87,34520559493
/services/design-build/kuna,1920,True,5,0,0,0,0d5114a91df55c09b51cd13246967ff0f245cc87,34520559493
/services/design-build/meridian,320,True,5,0,0,0,0d5114a91df55c09b51cd13246967ff0f245cc87,34520559493
/services/design-build/meridian,390,True,5,0,0,0,0d5114a91df55c09b51cd13246967ff0f245cc87,34520559493
/services/design-build/meridian,430,True,5,0,0,0,0d5114a91df55c09b51cd13246967ff0f245cc87,34520559493
/services/design-build/meridian,600,True,5,0,0,0,0d5114a91df55c09b51cd13246967ff0f245cc87,34520559493
/services/design-build/meridian,768,True,5,0,0,0,0d5114a91df55c09b51cd13246967ff0f245cc87,34520559493
/services/design-build/meridian,1024,True,5,0,0,0,0d5114a91df55c09b51cd13246967ff0f245cc87,34520559493
/services/design-build/meridian,1366,True,5,0,0,0,0d5114a91df55c09b51cd13246967ff0f245cc87,34520559493
/services/design-build/meridian,1440,True,5,0,0,0,0d5114a91df55c09b51cd13246967ff0f245cc87,34520559493
/services/design-build/meridian,1920,True,5,0,0,0,0d5114a91df55c09b51cd13246967ff0f245cc87,34520559493
/services/design-build/middleton,320,True,5,0,0,0,0d5114a91df55c09b51cd13246967ff0f245cc87,34520559493
/services/design-build/middleton,390,True,5,0,0,0,0d5114a91df55c09b51cd13246967ff0f245cc87,34520559493
/services/design-build/middleton,430,True,5,0,0,0,0d5114a91df55c09b51cd13246967ff0f245cc87,34520559493
/services/design-build/middleton,600,True,5,0,0,0,0d5114a91df55c09b51cd13246967ff0f245cc87,34520559493
/services/design-build/middleton,768,True,5,0,0,0,0d5114a91df55c09b51cd13246967ff0f245cc87,34520559493
/services/design-build/middleton,1024,True,5,0,0,0,0d5114a91df55c09b51cd13246967ff0f245cc87,34520559493
/services/design-build/middleton,1366,True,5,0,0,0,0d5114a91df55c09b51cd13246967ff0f245cc87,34520559493
/services/design-build/middleton,1440,True,5,0,0,0,0d5114a91df55c09b51cd13246967ff0f245cc87,34520559493
/services/design-build/middleton,1920,True,5,0,0,0,0d5114a91df55c09b51cd13246967ff0f245cc87,34520559493
/services/design-build/nampa,320,True,5,0,0,0,0d5114a91df55c09b51cd13246967ff0f245cc87,34520559493
/services/design-build/nampa,390,True,5,0,0,0,0d5114a91df55c09b51cd13246967ff0f245cc87,34520559493
/services/design-build/nampa,430,True,5,0,0,0,0d5114a91df55c09b51cd13246967ff0f245cc87,34520559493
/services/design-build/nampa,600,True,5,0,0,0,0d5114a91df55c09b51cd13246967ff0f245cc87,34520559493
/services/design-build/nampa,768,True,5,0,0,0,0d5114a91df55c09b51cd13246967ff0f245cc87,34520559493
/services/design-build/nampa,1024,True,5,0,0,0,0d5114a91df55c09b51cd13246967ff0f245cc87,34520559493
/services/design-build/nampa,1366,True,5,0,0,0,0d5114a91df55c09b51cd13246967ff0f245cc87,34520559493
/services/design-build/nampa,1440,True,5,0,0,0,0d5114a91df55c09b51cd13246967ff0f245cc87,34520559493
/services/design-build/nampa,1920,True,5,0,0,0,0d5114a91df55c09b51cd13246967ff0f245cc87,34520559493
/services/design-build/star,320,True,5,0,0,0,0d5114a91df55c09b51cd13246967ff0f245cc87,34520559493
/services/design-build/star,390,True,5,0,0,0,0d5114a91df55c09b51cd13246967ff0f245cc87,34520559493
/services/design-build/star,430,True,5,0,0,0,0d5114a91df55c09b51cd13246967ff0f245cc87,34520559493
/services/design-build/star,600,True,5,0,0,0,0d5114a91df55c09b51cd13246967ff0f245cc87,34520559493
/services/design-build/star,768,True,5,0,0,0,0d5114a91df55c09b51cd13246967ff0f245cc87,34520559493
/services/design-build/star,1024,True,5,0,0,0,0d5114a91df55c09b51cd13246967ff0f245cc87,34520559493
/services/design-build/star,1366,True,5,0,0,0,0d5114a91df55c09b51cd13246967ff0f245cc87,34520559493
/services/design-build/star,1440,True,5,0,0,0,0d5114a91df55c09b51cd13246967ff0f245cc87,34520559493
/services/design-build/star,1920,True,5,0,0,0,0d5114a91df55c09b51cd13246967ff0f245cc87,34520559493
/services/energy-efficient-homes,320,True,5,0,0,0,0d5114a91df55c09b51cd13246967ff0f245cc87,34520559493
/services/energy-efficient-homes,390,True,5,0,0,0,0d5114a91df55c09b51cd13246967ff0f245cc87,34520559493
/services/energy-efficient-homes,430,True,5,0,0,0,0d5114a91df55c09b51cd13246967ff0f245cc87,34520559493
/services/energy-efficient-homes,600,True,5,0,0,0,0d5114a91df55c09b51cd13246967ff0f245cc87,34520559493
/services/energy-efficient-homes,768,True,5,0,0,0,0d5114a91df55c09b51cd13246967ff0f245cc87,34520559493
/services/energy-efficient-homes,1024,True,5,0,0,0,0d5114a91df55c09b51cd13246967ff0f245cc87,34520559493
/services/energy-efficient-homes,1366,True,5,0,0,0,0d5114a91df55c09b51cd13246967ff0f245cc87,34520559493
/services/energy-efficient-homes,1440,True,5,0,0,0,0d5114a91df55c09b51cd13246967ff0f245cc87,34520559493
/services/energy-efficient-homes,1920,True,5,0,0,0,0d5114a91df55c09b51cd13246967ff0f245cc87,34520559493
/services/energy-efficient-homes/boise,320,True,5,0,0,0,0d5114a91df55c09b51cd13246967ff0f245cc87,34520559493
/services/energy-efficient-homes/boise,390,True,5,0,0,0,0d5114a91df55c09b51cd13246967ff0f245cc87,34520559493
/services/energy-efficient-homes/boise,430,True,5,0,0,0,0d5114a91df55c09b51cd13246967ff0f245cc87,34520559493
/services/energy-efficient-homes/boise,600,True,5,0,0,0,0d5114a91df55c09b51cd13246967ff0f245cc87,34520559493
/services/energy-efficient-homes/boise,768,True,5,0,0,0,0d5114a91df55c09b51cd13246967ff0f245cc87,34520559493
/services/energy-efficient-homes/boise,1024,True,5,0,0,0,0d5114a91df55c09b51cd13246967ff0f245cc87,34520559493
/services/energy-efficient-homes/boise,1366,True,5,0,0,0,0d5114a91df55c09b51cd13246967ff0f245cc87,34520559493
/services/energy-efficient-homes/boise,1440,True,5,0,0,0,0d5114a91df55c09b51cd13246967ff0f245cc87,34520559493
/services/energy-efficient-homes/boise,1920,True,5,0,0,0,0d5114a91df55c09b51cd13246967ff0f245cc87,34520559493
/services/energy-efficient-homes/caldwell,320,True,5,0,0,0,0d5114a91df55c09b51cd13246967ff0f245cc87,34520559493
/services/energy-efficient-homes/caldwell,390,True,5,0,0,0,0d5114a91df55c09b51cd13246967ff0f245cc87,34520559493
/services/energy-efficient-homes/caldwell,430,True,5,0,0,0,0d5114a91df55c09b51cd13246967ff0f245cc87,34520559493
/services/energy-efficient-homes/caldwell,600,True,5,0,0,0,0d5114a91df55c09b51cd13246967ff0f245cc87,34520559493
/services/energy-efficient-homes/caldwell,768,True,5,0,0,0,0d5114a91df55c09b51cd13246967ff0f245cc87,34520559493
/services/energy-efficient-homes/caldwell,1024,True,5,0,0,0,0d5114a91df55c09b51cd13246967ff0f245cc87,34520559493
/services/energy-efficient-homes/caldwell,1366,True,5,0,0,0,0d5114a91df55c09b51cd13246967ff0f245cc87,34520559493
/services/energy-efficient-homes/caldwell,1440,True,5,0,0,0,0d5114a91df55c09b51cd13246967ff0f245cc87,34520559493
/services/energy-efficient-homes/caldwell,1920,True,5,0,0,0,0d5114a91df55c09b51cd13246967ff0f245cc87,34520559493
/services/energy-efficient-homes/eagle,320,True,5,0,0,0,0d5114a91df55c09b51cd13246967ff0f245cc87,34520559493
/services/energy-efficient-homes/eagle,390,True,5,0,0,0,0d5114a91df55c09b51cd13246967ff0f245cc87,34520559493
/services/energy-efficient-homes/eagle,430,True,5,0,0,0,0d5114a91df55c09b51cd13246967ff0f245cc87,34520559493
/services/energy-efficient-homes/eagle,600,True,5,0,0,0,0d5114a91df55c09b51cd13246967ff0f245cc87,34520559493
/services/energy-efficient-homes/eagle,768,True,5,0,0,0,0d5114a91df55c09b51cd13246967ff0f245cc87,34520559493
/services/energy-efficient-homes/eagle,1024,True,5,0,0,0,0d5114a91df55c09b51cd13246967ff0f245cc87,34520559493
/services/energy-efficient-homes/eagle,1366,True,5,0,0,0,0d5114a91df55c09b51cd13246967ff0f245cc87,34520559493
/services/energy-efficient-homes/eagle,1440,True,5,0,0,0,0d5114a91df55c09b51cd13246967ff0f245cc87,34520559493
/services/energy-efficient-homes/eagle,1920,True,5,0,0,0,0d5114a91df55c09b51cd13246967ff0f245cc87,34520559493
/services/energy-efficient-homes/garden-city,320,True,5,0,0,0,0d5114a91df55c09b51cd13246967ff0f245cc87,34520559493
/services/energy-efficient-homes/garden-city,390,True,5,0,0,0,0d5114a91df55c09b51cd13246967ff0f245cc87,34520559493
/services/energy-efficient-homes/garden-city,430,True,5,0,0,0,0d5114a91df55c09b51cd13246967ff0f245cc87,34520559493
/services/energy-efficient-homes/garden-city,600,True,5,0,0,0,0d5114a91df55c09b51cd13246967ff0f245cc87,34520559493
/services/energy-efficient-homes/garden-city,768,True,5,0,0,0,0d5114a91df55c09b51cd13246967ff0f245cc87,34520559493
/services/energy-efficient-homes/garden-city,1024,True,5,0,0,0,0d5114a91df55c09b51cd13246967ff0f245cc87,34520559493
/services/energy-efficient-homes/garden-city,1366,True,5,0,0,0,0d5114a91df55c09b51cd13246967ff0f245cc87,34520559493
/services/energy-efficient-homes/garden-city,1440,True,5,0,0,0,0d5114a91df55c09b51cd13246967ff0f245cc87,34520559493
/services/energy-efficient-homes/garden-city,1920,True,5,0,0,0,0d5114a91df55c09b51cd13246967ff0f245cc87,34520559493
/services/energy-efficient-homes/kuna,320,True,5,0,0,0,0d5114a91df55c09b51cd13246967ff0f245cc87,34520559493
/services/energy-efficient-homes/kuna,390,True,5,0,0,0,0d5114a91df55c09b51cd13246967ff0f245cc87,34520559493
/services/energy-efficient-homes/kuna,430,True,5,0,0,0,0d5114a91df55c09b51cd13246967ff0f245cc87,34520559493
/services/energy-efficient-homes/kuna,600,True,5,0,0,0,0d5114a91df55c09b51cd13246967ff0f245cc87,34520559493
/services/energy-efficient-homes/kuna,768,True,5,0,0,0,0d5114a91df55c09b51cd13246967ff0f245cc87,34520559493
/services/energy-efficient-homes/kuna,1024,True,5,0,0,0,0d5114a91df55c09b51cd13246967ff0f245cc87,34520559493
/services/energy-efficient-homes/kuna,1366,True,5,0,0,0,0d5114a91df55c09b51cd13246967ff0f245cc87,34520559493
/services/energy-efficient-homes/kuna,1440,True,5,0,0,0,0d5114a91df55c09b51cd13246967ff0f245cc87,34520559493
/services/energy-efficient-homes/kuna,1920,True,5,0,0,0,0d5114a91df55c09b51cd13246967ff0f245cc87,34520559493
/services/energy-efficient-homes/meridian,320,True,5,0,0,0,0d5114a91df55c09b51cd13246967ff0f245cc87,34520559493
/services/energy-efficient-homes/meridian,390,True,5,0,0,0,0d5114a91df55c09b51cd13246967ff0f245cc87,34520559493
/services/energy-efficient-homes/meridian,430,True,5,0,0,0,0d5114a91df55c09b51cd13246967ff0f245cc87,34520559493
/services/energy-efficient-homes/meridian,600,True,5,0,0,0,0d5114a91df55c09b51cd13246967ff0f245cc87,34520559493
/services/energy-efficient-homes/meridian,768,True,5,0,0,0,0d5114a91df55c09b51cd13246967ff0f245cc87,34520559493
/services/energy-efficient-homes/meridian,1024,True,5,0,0,0,0d5114a91df55c09b51cd13246967ff0f245cc87,34520559493
/services/energy-efficient-homes/meridian,1366,True,5,0,0,0,0d5114a91df55c09b51cd13246967ff0f245cc87,34520559493
/services/energy-efficient-homes/meridian,1440,True,5,0,0,0,0d5114a91df55c09b51cd13246967ff0f245cc87,34520559493
/services/energy-efficient-homes/meridian,1920,True,5,0,0,0,0d5114a91df55c09b51cd13246967ff0f245cc87,34520559493
/services/energy-efficient-homes/middleton,320,True,5,0,0,0,0d5114a91df55c09b51cd13246967ff0f245cc87,34520559493
/services/energy-efficient-homes/middleton,390,True,5,0,0,0,0d5114a91df55c09b51cd13246967ff0f245cc87,34520559493
/services/energy-efficient-homes/middleton,430,True,5,0,0,0,0d5114a91df55c09b51cd13246967ff0f245cc87,34520559493
/services/energy-efficient-homes/middleton,600,True,5,0,0,0,0d5114a91df55c09b51cd13246967ff0f245cc87,34520559493
/services/energy-efficient-homes/middleton,768,True,5,0,0,0,0d5114a91df55c09b51cd13246967ff0f245cc87,34520559493
/services/energy-efficient-homes/middleton,1024,True,5,0,0,0,0d5114a91df55c09b51cd13246967ff0f245cc87,34520559493
/services/energy-efficient-homes/middleton,1366,True,5,0,0,0,0d5114a91df55c09b51cd13246967ff0f245cc87,34520559493
/services/energy-efficient-homes/middleton,1440,True,5,0,0,0,0d5114a91df55c09b51cd13246967ff0f245cc87,34520559493
/services/energy-efficient-homes/middleton,1920,True,5,0,0,0,0d5114a91df55c09b51cd13246967ff0f245cc87,34520559493
/services/energy-efficient-homes/nampa,320,True,5,0,0,0,0d5114a91df55c09b51cd13246967ff0f245cc87,34520559493
/services/energy-efficient-homes/nampa,390,True,5,0,0,0,0d5114a91df55c09b51cd13246967ff0f245cc87,34520559493
/services/energy-efficient-homes/nampa,430,True,5,0,0,0,0d5114a91df55c09b51cd13246967ff0f245cc87,34520559493
/services/energy-efficient-homes/nampa,600,True,5,0,0,0,0d5114a91df55c09b51cd13246967ff0f245cc87,34520559493
/services/energy-efficient-homes/nampa,768,True,5,0,0,0,0d5114a91df55c09b51cd13246967ff0f245cc87,34520559493
/services/energy-efficient-homes/nampa,1024,True,5,0,0,0,0d5114a91df55c09b51cd13246967ff0f245cc87,34520559493
/services/energy-efficient-homes/nampa,1366,True,5,0,0,0,0d5114a91df55c09b51cd13246967ff0f245cc87,34520559493
/services/energy-efficient-homes/nampa,1440,True,5,0,0,0,0d5114a91df55c09b51cd13246967ff0f245cc87,34520559493
/services/energy-efficient-homes/nampa,1920,True,5,0,0,0,0d5114a91df55c09b51cd13246967ff0f245cc87,34520559493
/services/energy-efficient-homes/star,320,True,5,0,0,0,0d5114a91df55c09b51cd13246967ff0f245cc87,34520559493
/services/energy-efficient-homes/star,390,True,5,0,0,0,0d5114a91df55c09b51cd13246967ff0f245cc87,34520559493
/services/energy-efficient-homes/star,430,True,5,0,0,0,0d5114a91df55c09b51cd13246967ff0f245cc87,34520559493
/services/energy-efficient-homes/star,600,True,5,0,0,0,0d5114a91df55c09b51cd13246967ff0f245cc87,34520559493
/services/energy-efficient-homes/star,768,True,5,0,0,0,0d5114a91df55c09b51cd13246967ff0f245cc87,34520559493
/services/energy-efficient-homes/star,1024,True,5,0,0,0,0d5114a91df55c09b51cd13246967ff0f245cc87,34520559493
/services/energy-efficient-homes/star,1366,True,5,0,0,0,0d5114a91df55c09b51cd13246967ff0f245cc87,34520559493
/services/energy-efficient-homes/star,1440,True,5,0,0,0,0d5114a91df55c09b51cd13246967ff0f245cc87,34520559493
/services/energy-efficient-homes/star,1920,True,5,0,0,0,0d5114a91df55c09b51cd13246967ff0f245cc87,34520559493
/services/home-additions,320,True,5,0,0,0,0d5114a91df55c09b51cd13246967ff0f245cc87,34520559493
/services/home-additions,390,True,5,0,0,0,0d5114a91df55c09b51cd13246967ff0f245cc87,34520559493
/services/home-additions,430,True,5,0,0,0,0d5114a91df55c09b51cd13246967ff0f245cc87,34520559493
/services/home-additions,600,True,5,0,0,0,0d5114a91df55c09b51cd13246967ff0f245cc87,34520559493
/services/home-additions,768,True,5,0,0,0,0d5114a91df55c09b51cd13246967ff0f245cc87,34520559493
/services/home-additions,1024,True,5,0,0,0,0d5114a91df55c09b51cd13246967ff0f245cc87,34520559493
/services/home-additions,1366,True,5,0,0,0,0d5114a91df55c09b51cd13246967ff0f245cc87,34520559493
/services/home-additions,1440,True,5,0,0,0,0d5114a91df55c09b51cd13246967ff0f245cc87,34520559493
/services/home-additions,1920,True,5,0,0,0,0d5114a91df55c09b51cd13246967ff0f245cc87,34520559493
/services/home-additions/boise,320,True,5,0,0,0,0d5114a91df55c09b51cd13246967ff0f245cc87,34520559493
/services/home-additions/boise,390,True,5,0,0,0,0d5114a91df55c09b51cd13246967ff0f245cc87,34520559493
/services/home-additions/boise,430,True,5,0,0,0,0d5114a91df55c09b51cd13246967ff0f245cc87,34520559493
/services/home-additions/boise,600,True,5,0,0,0,0d5114a91df55c09b51cd13246967ff0f245cc87,34520559493
/services/home-additions/boise,768,True,5,0,0,0,0d5114a91df55c09b51cd13246967ff0f245cc87,34520559493
/services/home-additions/boise,1024,True,5,0,0,0,0d5114a91df55c09b51cd13246967ff0f245cc87,34520559493
/services/home-additions/boise,1366,True,5,0,0,0,0d5114a91df55c09b51cd13246967ff0f245cc87,34520559493
/services/home-additions/boise,1440,True,5,0,0,0,0d5114a91df55c09b51cd13246967ff0f245cc87,34520559493
/services/home-additions/boise,1920,True,5,0,0,0,0d5114a91df55c09b51cd13246967ff0f245cc87,34520559493
/services/home-additions/caldwell,320,True,5,0,0,0,0d5114a91df55c09b51cd13246967ff0f245cc87,34520559493
/services/home-additions/caldwell,390,True,5,0,0,0,0d5114a91df55c09b51cd13246967ff0f245cc87,34520559493
/services/home-additions/caldwell,430,True,5,0,0,0,0d5114a91df55c09b51cd13246967ff0f245cc87,34520559493
/services/home-additions/caldwell,600,True,5,0,0,0,0d5114a91df55c09b51cd13246967ff0f245cc87,34520559493
/services/home-additions/caldwell,768,True,5,0,0,0,0d5114a91df55c09b51cd13246967ff0f245cc87,34520559493
/services/home-additions/caldwell,1024,True,5,0,0,0,0d5114a91df55c09b51cd13246967ff0f245cc87,34520559493
/services/home-additions/caldwell,1366,True,5,0,0,0,0d5114a91df55c09b51cd13246967ff0f245cc87,34520559493
/services/home-additions/caldwell,1440,True,5,0,0,0,0d5114a91df55c09b51cd13246967ff0f245cc87,34520559493
/services/home-additions/caldwell,1920,True,5,0,0,0,0d5114a91df55c09b51cd13246967ff0f245cc87,34520559493
/services/home-additions/eagle,320,True,5,0,0,0,0d5114a91df55c09b51cd13246967ff0f245cc87,34520559493
/services/home-additions/eagle,390,True,5,0,0,0,0d5114a91df55c09b51cd13246967ff0f245cc87,34520559493
/services/home-additions/eagle,430,True,5,0,0,0,0d5114a91df55c09b51cd13246967ff0f245cc87,34520559493
/services/home-additions/eagle,600,True,5,0,0,0,0d5114a91df55c09b51cd13246967ff0f245cc87,34520559493
/services/home-additions/eagle,768,True,5,0,0,0,0d5114a91df55c09b51cd13246967ff0f245cc87,34520559493
/services/home-additions/eagle,1024,True,5,0,0,0,0d5114a91df55c09b51cd13246967ff0f245cc87,34520559493
/services/home-additions/eagle,1366,True,5,0,0,0,0d5114a91df55c09b51cd13246967ff0f245cc87,34520559493
/services/home-additions/eagle,1440,True,5,0,0,0,0d5114a91df55c09b51cd13246967ff0f245cc87,34520559493
/services/home-additions/eagle,1920,True,5,0,0,0,0d5114a91df55c09b51cd13246967ff0f245cc87,34520559493
/services/home-additions/garden-city,320,True,5,0,0,0,0d5114a91df55c09b51cd13246967ff0f245cc87,34520559493
/services/home-additions/garden-city,390,True,5,0,0,0,0d5114a91df55c09b51cd13246967ff0f245cc87,34520559493
/services/home-additions/garden-city,430,True,5,0,0,0,0d5114a91df55c09b51cd13246967ff0f245cc87,34520559493
/services/home-additions/garden-city,600,True,5,0,0,0,0d5114a91df55c09b51cd13246967ff0f245cc87,34520559493
/services/home-additions/garden-city,768,True,5,0,0,0,0d5114a91df55c09b51cd13246967ff0f245cc87,34520559493
/services/home-additions/garden-city,1024,True,5,0,0,0,0d5114a91df55c09b51cd13246967ff0f245cc87,34520559493
/services/home-additions/garden-city,1366,True,5,0,0,0,0d5114a91df55c09b51cd13246967ff0f245cc87,34520559493
/services/home-additions/garden-city,1440,True,5,0,0,0,0d5114a91df55c09b51cd13246967ff0f245cc87,34520559493
/services/home-additions/garden-city,1920,True,5,0,0,0,0d5114a91df55c09b51cd13246967ff0f245cc87,34520559493
/services/home-additions/kuna,320,True,5,0,0,0,0d5114a91df55c09b51cd13246967ff0f245cc87,34520559493
/services/home-additions/kuna,390,True,5,0,0,0,0d5114a91df55c09b51cd13246967ff0f245cc87,34520559493
/services/home-additions/kuna,430,True,5,0,0,0,0d5114a91df55c09b51cd13246967ff0f245cc87,34520559493
/services/home-additions/kuna,600,True,5,0,0,0,0d5114a91df55c09b51cd13246967ff0f245cc87,34520559493
/services/home-additions/kuna,768,True,5,0,0,0,0d5114a91df55c09b51cd13246967ff0f245cc87,34520559493
/services/home-additions/kuna,1024,True,5,0,0,0,0d5114a91df55c09b51cd13246967ff0f245cc87,34520559493
/services/home-additions/kuna,1366,True,5,0,0,0,0d5114a91df55c09b51cd13246967ff0f245cc87,34520559493
/services/home-additions/kuna,1440,True,5,0,0,0,0d5114a91df55c09b51cd13246967ff0f245cc87,34520559493
/services/home-additions/kuna,1920,True,5,0,0,0,0d5114a91df55c09b51cd13246967ff0f245cc87,34520559493
/services/home-additions/meridian,320,True,5,0,0,0,0d5114a91df55c09b51cd13246967ff0f245cc87,34520559493
/services/home-additions/meridian,390,True,5,0,0,0,0d5114a91df55c09b51cd13246967ff0f245cc87,34520559493
/services/home-additions/meridian,430,True,5,0,0,0,0d5114a91df55c09b51cd13246967ff0f245cc87,34520559493
/services/home-additions/meridian,600,True,5,0,0,0,0d5114a91df55c09b51cd13246967ff0f245cc87,34520559493
/services/home-additions/meridian,768,True,5,0,0,0,0d5114a91df55c09b51cd13246967ff0f245cc87,34520559493
/services/home-additions/meridian,1024,True,5,0,0,0,0d5114a91df55c09b51cd13246967ff0f245cc87,34520559493
/services/home-additions/meridian,1366,True,5,0,0,0,0d5114a91df55c09b51cd13246967ff0f245cc87,34520559493
/services/home-additions/meridian,1440,True,5,0,0,0,0d5114a91df55c09b51cd13246967ff0f245cc87,34520559493
/services/home-additions/meridian,1920,True,5,0,0,0,0d5114a91df55c09b51cd13246967ff0f245cc87,34520559493
/services/home-additions/middleton,320,True,5,0,0,0,0d5114a91df55c09b51cd13246967ff0f245cc87,34520559493
/services/home-additions/middleton,390,True,5,0,0,0,0d5114a91df55c09b51cd13246967ff0f245cc87,34520559493
/services/home-additions/middleton,430,True,5,0,0,0,0d5114a91df55c09b51cd13246967ff0f245cc87,34520559493
/services/home-additions/middleton,600,True,5,0,0,0,0d5114a91df55c09b51cd13246967ff0f245cc87,34520559493
/services/home-additions/middleton,768,True,5,0,0,0,0d5114a91df55c09b51cd13246967ff0f245cc87,34520559493
/services/home-additions/middleton,1024,True,5,0,0,0,0d5114a91df55c09b51cd13246967ff0f245cc87,34520559493
/services/home-additions/middleton,1366,True,5,0,0,0,0d5114a91df55c09b51cd13246967ff0f245cc87,34520559493
/services/home-additions/middleton,1440,True,5,0,0,0,0d5114a91df55c09b51cd13246967ff0f245cc87,34520559493
/services/home-additions/middleton,1920,True,5,0,0,0,0d5114a91df55c09b51cd13246967ff0f245cc87,34520559493
/services/home-additions/nampa,320,True,5,0,0,0,0d5114a91df55c09b51cd13246967ff0f245cc87,34520559493
/services/home-additions/nampa,390,True,5,0,0,0,0d5114a91df55c09b51cd13246967ff0f245cc87,34520559493
/services/home-additions/nampa,430,True,5,0,0,0,0d5114a91df55c09b51cd13246967ff0f245cc87,34520559493
/services/home-additions/nampa,600,True,5,0,0,0,0d5114a91df55c09b51cd13246967ff0f245cc87,34520559493
/services/home-additions/nampa,768,True,5,0,0,0,0d5114a91df55c09b51cd13246967ff0f245cc87,34520559493
/services/home-additions/nampa,1024,True,5,0,0,0,0d5114a91df55c09b51cd13246967ff0f245cc87,34520559493
/services/home-additions/nampa,1366,True,5,0,0,0,0d5114a91df55c09b51cd13246967ff0f245cc87,34520559493
/services/home-additions/nampa,1440,True,5,0,0,0,0d5114a91df55c09b51cd13246967ff0f245cc87,34520559493
/services/home-additions/nampa,1920,True,5,0,0,0,0d5114a91df55c09b51cd13246967ff0f245cc87,34520559493
/services/home-additions/star,320,True,5,0,0,0,0d5114a91df55c09b51cd13246967ff0f245cc87,34520559493
/services/home-additions/star,390,True,5,0,0,0,0d5114a91df55c09b51cd13246967ff0f245cc87,34520559493
/services/home-additions/star,430,True,5,0,0,0,0d5114a91df55c09b51cd13246967ff0f245cc87,34520559493
/services/home-additions/star,600,True,5,0,0,0,0d5114a91df55c09b51cd13246967ff0f245cc87,34520559493
/services/home-additions/star,768,True,5,0,0,0,0d5114a91df55c09b51cd13246967ff0f245cc87,34520559493
/services/home-additions/star,1024,True,5,0,0,0,0d5114a91df55c09b51cd13246967ff0f245cc87,34520559493
/services/home-additions/star,1366,True,5,0,0,0,0d5114a91df55c09b51cd13246967ff0f245cc87,34520559493
/services/home-additions/star,1440,True,5,0,0,0,0d5114a91df55c09b51cd13246967ff0f245cc87,34520559493
/services/home-additions/star,1920,True,5,0,0,0,0d5114a91df55c09b51cd13246967ff0f245cc87,34520559493
/services/home-plans-design,320,True,5,0,0,0,0d5114a91df55c09b51cd13246967ff0f245cc87,34520559493
/services/home-plans-design,390,True,5,0,0,0,0d5114a91df55c09b51cd13246967ff0f245cc87,34520559493
/services/home-plans-design,430,True,5,0,0,0,0d5114a91df55c09b51cd13246967ff0f245cc87,34520559493
/services/home-plans-design,600,True,5,0,0,0,0d5114a91df55c09b51cd13246967ff0f245cc87,34520559493
/services/home-plans-design,768,True,5,0,0,0,0d5114a91df55c09b51cd13246967ff0f245cc87,34520559493
/services/home-plans-design,1024,True,5,0,0,0,0d5114a91df55c09b51cd13246967ff0f245cc87,34520559493
/services/home-plans-design,1366,True,5,0,0,0,0d5114a91df55c09b51cd13246967ff0f245cc87,34520559493
/services/home-plans-design,1440,True,5,0,0,0,0d5114a91df55c09b51cd13246967ff0f245cc87,34520559493
/services/home-plans-design,1920,True,5,0,0,0,0d5114a91df55c09b51cd13246967ff0f245cc87,34520559493
/services/home-plans-design/boise,320,True,5,0,0,0,0d5114a91df55c09b51cd13246967ff0f245cc87,34520559493
/services/home-plans-design/boise,390,True,5,0,0,0,0d5114a91df55c09b51cd13246967ff0f245cc87,34520559493
/services/home-plans-design/boise,430,True,5,0,0,0,0d5114a91df55c09b51cd13246967ff0f245cc87,34520559493
/services/home-plans-design/boise,600,True,5,0,0,0,0d5114a91df55c09b51cd13246967ff0f245cc87,34520559493
/services/home-plans-design/boise,768,True,5,0,0,0,0d5114a91df55c09b51cd13246967ff0f245cc87,34520559493
/services/home-plans-design/boise,1024,True,5,0,0,0,0d5114a91df55c09b51cd13246967ff0f245cc87,34520559493
/services/home-plans-design/boise,1366,True,5,0,0,0,0d5114a91df55c09b51cd13246967ff0f245cc87,34520559493
/services/home-plans-design/boise,1440,True,5,0,0,0,0d5114a91df55c09b51cd13246967ff0f245cc87,34520559493
/services/home-plans-design/boise,1920,True,5,0,0,0,0d5114a91df55c09b51cd13246967ff0f245cc87,34520559493
/services/home-plans-design/caldwell,320,True,5,0,0,0,0d5114a91df55c09b51cd13246967ff0f245cc87,34520559493
/services/home-plans-design/caldwell,390,True,5,0,0,0,0d5114a91df55c09b51cd13246967ff0f245cc87,34520559493
/services/home-plans-design/caldwell,430,True,5,0,0,0,0d5114a91df55c09b51cd13246967ff0f245cc87,34520559493
/services/home-plans-design/caldwell,600,True,5,0,0,0,0d5114a91df55c09b51cd13246967ff0f245cc87,34520559493
/services/home-plans-design/caldwell,768,True,5,0,0,0,0d5114a91df55c09b51cd13246967ff0f245cc87,34520559493
/services/home-plans-design/caldwell,1024,True,5,0,0,0,0d5114a91df55c09b51cd13246967ff0f245cc87,34520559493
/services/home-plans-design/caldwell,1366,True,5,0,0,0,0d5114a91df55c09b51cd13246967ff0f245cc87,34520559493
/services/home-plans-design/caldwell,1440,True,5,0,0,0,0d5114a91df55c09b51cd13246967ff0f245cc87,34520559493
/services/home-plans-design/caldwell,1920,True,5,0,0,0,0d5114a91df55c09b51cd13246967ff0f245cc87,34520559493
/services/home-plans-design/eagle,320,True,5,0,0,0,0d5114a91df55c09b51cd13246967ff0f245cc87,34520559493
/services/home-plans-design/eagle,390,True,5,0,0,0,0d5114a91df55c09b51cd13246967ff0f245cc87,34520559493
/services/home-plans-design/eagle,430,True,5,0,0,0,0d5114a91df55c09b51cd13246967ff0f245cc87,34520559493
/services/home-plans-design/eagle,600,True,5,0,0,0,0d5114a91df55c09b51cd13246967ff0f245cc87,34520559493
/services/home-plans-design/eagle,768,True,5,0,0,0,0d5114a91df55c09b51cd13246967ff0f245cc87,34520559493
/services/home-plans-design/eagle,1024,True,5,0,0,0,0d5114a91df55c09b51cd13246967ff0f245cc87,34520559493
/services/home-plans-design/eagle,1366,True,5,0,0,0,0d5114a91df55c09b51cd13246967ff0f245cc87,34520559493
/services/home-plans-design/eagle,1440,True,5,0,0,0,0d5114a91df55c09b51cd13246967ff0f245cc87,34520559493
/services/home-plans-design/eagle,1920,True,5,0,0,0,0d5114a91df55c09b51cd13246967ff0f245cc87,34520559493
/services/home-plans-design/garden-city,320,True,5,0,0,0,0d5114a91df55c09b51cd13246967ff0f245cc87,34520559493
/services/home-plans-design/garden-city,390,True,5,0,0,0,0d5114a91df55c09b51cd13246967ff0f245cc87,34520559493
/services/home-plans-design/garden-city,430,True,5,0,0,0,0d5114a91df55c09b51cd13246967ff0f245cc87,34520559493
/services/home-plans-design/garden-city,600,True,5,0,0,0,0d5114a91df55c09b51cd13246967ff0f245cc87,34520559493
/services/home-plans-design/garden-city,768,True,5,0,0,0,0d5114a91df55c09b51cd13246967ff0f245cc87,34520559493
/services/home-plans-design/garden-city,1024,True,5,0,0,0,0d5114a91df55c09b51cd13246967ff0f245cc87,34520559493
/services/home-plans-design/garden-city,1366,True,5,0,0,0,0d5114a91df55c09b51cd13246967ff0f245cc87,34520559493
/services/home-plans-design/garden-city,1440,True,5,0,0,0,0d5114a91df55c09b51cd13246967ff0f245cc87,34520559493
/services/home-plans-design/garden-city,1920,True,5,0,0,0,0d5114a91df55c09b51cd13246967ff0f245cc87,34520559493
/services/home-plans-design/kuna,320,True,5,0,0,0,0d5114a91df55c09b51cd13246967ff0f245cc87,34520559493
/services/home-plans-design/kuna,390,True,5,0,0,0,0d5114a91df55c09b51cd13246967ff0f245cc87,34520559493
/services/home-plans-design/kuna,430,True,5,0,0,0,0d5114a91df55c09b51cd13246967ff0f245cc87,34520559493
/services/home-plans-design/kuna,600,True,5,0,0,0,0d5114a91df55c09b51cd13246967ff0f245cc87,34520559493
/services/home-plans-design/kuna,768,True,5,0,0,0,0d5114a91df55c09b51cd13246967ff0f245cc87,34520559493
/services/home-plans-design/kuna,1024,True,5,0,0,0,0d5114a91df55c09b51cd13246967ff0f245cc87,34520559493
/services/home-plans-design/kuna,1366,True,5,0,0,0,0d5114a91df55c09b51cd13246967ff0f245cc87,34520559493
/services/home-plans-design/kuna,1440,True,5,0,0,0,0d5114a91df55c09b51cd13246967ff0f245cc87,34520559493
/services/home-plans-design/kuna,1920,True,5,0,0,0,0d5114a91df55c09b51cd13246967ff0f245cc87,34520559493
/services/home-plans-design/meridian,320,True,5,0,0,0,0d5114a91df55c09b51cd13246967ff0f245cc87,34520559493
/services/home-plans-design/meridian,390,True,5,0,0,0,0d5114a91df55c09b51cd13246967ff0f245cc87,34520559493
/services/home-plans-design/meridian,430,True,5,0,0,0,0d5114a91df55c09b51cd13246967ff0f245cc87,34520559493
/services/home-plans-design/meridian,600,True,5,0,0,0,0d5114a91df55c09b51cd13246967ff0f245cc87,34520559493
/services/home-plans-design/meridian,768,True,5,0,0,0,0d5114a91df55c09b51cd13246967ff0f245cc87,34520559493
/services/home-plans-design/meridian,1024,True,5,0,0,0,0d5114a91df55c09b51cd13246967ff0f245cc87,34520559493
/services/home-plans-design/meridian,1366,True,5,0,0,0,0d5114a91df55c09b51cd13246967ff0f245cc87,34520559493
/services/home-plans-design/meridian,1440,True,5,0,0,0,0d5114a91df55c09b51cd13246967ff0f245cc87,34520559493
/services/home-plans-design/meridian,1920,True,5,0,0,0,0d5114a91df55c09b51cd13246967ff0f245cc87,34520559493
/services/home-plans-design/middleton,320,True,5,0,0,0,0d5114a91df55c09b51cd13246967ff0f245cc87,34520559493
/services/home-plans-design/middleton,390,True,5,0,0,0,0d5114a91df55c09b51cd13246967ff0f245cc87,34520559493
/services/home-plans-design/middleton,430,True,5,0,0,0,0d5114a91df55c09b51cd13246967ff0f245cc87,34520559493
/services/home-plans-design/middleton,600,True,5,0,0,0,0d5114a91df55c09b51cd13246967ff0f245cc87,34520559493
/services/home-plans-design/middleton,768,True,5,0,0,0,0d5114a91df55c09b51cd13246967ff0f245cc87,34520559493
/services/home-plans-design/middleton,1024,True,5,0,0,0,0d5114a91df55c09b51cd13246967ff0f245cc87,34520559493
/services/home-plans-design/middleton,1366,True,5,0,0,0,0d5114a91df55c09b51cd13246967ff0f245cc87,34520559493
/services/home-plans-design/middleton,1440,True,5,0,0,0,0d5114a91df55c09b51cd13246967ff0f245cc87,34520559493
/services/home-plans-design/middleton,1920,True,5,0,0,0,0d5114a91df55c09b51cd13246967ff0f245cc87,34520559493
/services/home-plans-design/nampa,320,True,5,0,0,0,0d5114a91df55c09b51cd13246967ff0f245cc87,34520559493
/services/home-plans-design/nampa,390,True,5,0,0,0,0d5114a91df55c09b51cd13246967ff0f245cc87,34520559493
/services/home-plans-design/nampa,430,True,5,0,0,0,0d5114a91df55c09b51cd13246967ff0f245cc87,34520559493
/services/home-plans-design/nampa,600,True,5,0,0,0,0d5114a91df55c09b51cd13246967ff0f245cc87,34520559493
/services/home-plans-design/nampa,768,True,5,0,0,0,0d5114a91df55c09b51cd13246967ff0f245cc87,34520559493
/services/home-plans-design/nampa,1024,True,5,0,0,0,0d5114a91df55c09b51cd13246967ff0f245cc87,34520559493
/services/home-plans-design/nampa,1366,True,5,0,0,0,0d5114a91df55c09b51cd13246967ff0f245cc87,34520559493
/services/home-plans-design/nampa,1440,True,5,0,0,0,0d5114a91df55c09b51cd13246967ff0f245cc87,34520559493
/services/home-plans-design/nampa,1920,True,5,0,0,0,0d5114a91df55c09b51cd13246967ff0f245cc87,34520559493
/services/home-plans-design/star,320,True,5,0,0,0,0d5114a91df55c09b51cd13246967ff0f245cc87,34520559493
/services/home-plans-design/star,390,True,5,0,0,0,0d5114a91df55c09b51cd13246967ff0f245cc87,34520559493
/services/home-plans-design/star,430,True,5,0,0,0,0d5114a91df55c09b51cd13246967ff0f245cc87,34520559493
/services/home-plans-design/star,600,True,5,0,0,0,0d5114a91df55c09b51cd13246967ff0f245cc87,34520559493
/services/home-plans-design/star,768,True,5,0,0,0,0d5114a91df55c09b51cd13246967ff0f245cc87,34520559493
/services/home-plans-design/star,1024,True,5,0,0,0,0d5114a91df55c09b51cd13246967ff0f245cc87,34520559493
/services/home-plans-design/star,1366,True,5,0,0,0,0d5114a91df55c09b51cd13246967ff0f245cc87,34520559493
/services/home-plans-design/star,1440,True,5,0,0,0,0d5114a91df55c09b51cd13246967ff0f245cc87,34520559493
/services/home-plans-design/star,1920,True,5,0,0,0,0d5114a91df55c09b51cd13246967ff0f245cc87,34520559493
/services/lot-evaluation,320,True,5,0,0,0,0d5114a91df55c09b51cd13246967ff0f245cc87,34520559493
/services/lot-evaluation,390,True,5,0,0,0,0d5114a91df55c09b51cd13246967ff0f245cc87,34520559493
/services/lot-evaluation,430,True,5,0,0,0,0d5114a91df55c09b51cd13246967ff0f245cc87,34520559493
/services/lot-evaluation,600,True,5,0,0,0,0d5114a91df55c09b51cd13246967ff0f245cc87,34520559493
/services/lot-evaluation,768,True,5,0,0,0,0d5114a91df55c09b51cd13246967ff0f245cc87,34520559493
/services/lot-evaluation,1024,True,5,0,0,0,0d5114a91df55c09b51cd13246967ff0f245cc87,34520559493
/services/lot-evaluation,1366,True,5,0,0,0,0d5114a91df55c09b51cd13246967ff0f245cc87,34520559493
/services/lot-evaluation,1440,True,5,0,0,0,0d5114a91df55c09b51cd13246967ff0f245cc87,34520559493
/services/lot-evaluation,1920,True,5,0,0,0,0d5114a91df55c09b51cd13246967ff0f245cc87,34520559493
/services/lot-evaluation/boise,320,True,5,0,0,0,0d5114a91df55c09b51cd13246967ff0f245cc87,34520559493
/services/lot-evaluation/boise,390,True,5,0,0,0,0d5114a91df55c09b51cd13246967ff0f245cc87,34520559493
/services/lot-evaluation/boise,430,True,5,0,0,0,0d5114a91df55c09b51cd13246967ff0f245cc87,34520559493
/services/lot-evaluation/boise,600,True,5,0,0,0,0d5114a91df55c09b51cd13246967ff0f245cc87,34520559493
/services/lot-evaluation/boise,768,True,5,0,0,0,0d5114a91df55c09b51cd13246967ff0f245cc87,34520559493
/services/lot-evaluation/boise,1024,True,5,0,0,0,0d5114a91df55c09b51cd13246967ff0f245cc87,34520559493
/services/lot-evaluation/boise,1366,True,5,0,0,0,0d5114a91df55c09b51cd13246967ff0f245cc87,34520559493
/services/lot-evaluation/boise,1440,True,5,0,0,0,0d5114a91df55c09b51cd13246967ff0f245cc87,34520559493
/services/lot-evaluation/boise,1920,True,5,0,0,0,0d5114a91df55c09b51cd13246967ff0f245cc87,34520559493
/services/lot-evaluation/caldwell,320,True,5,0,0,0,0d5114a91df55c09b51cd13246967ff0f245cc87,34520559493
/services/lot-evaluation/caldwell,390,True,5,0,0,0,0d5114a91df55c09b51cd13246967ff0f245cc87,34520559493
/services/lot-evaluation/caldwell,430,True,5,0,0,0,0d5114a91df55c09b51cd13246967ff0f245cc87,34520559493
/services/lot-evaluation/caldwell,600,True,5,0,0,0,0d5114a91df55c09b51cd13246967ff0f245cc87,34520559493
/services/lot-evaluation/caldwell,768,True,5,0,0,0,0d5114a91df55c09b51cd13246967ff0f245cc87,34520559493
/services/lot-evaluation/caldwell,1024,True,5,0,0,0,0d5114a91df55c09b51cd13246967ff0f245cc87,34520559493
/services/lot-evaluation/caldwell,1366,True,5,0,0,0,0d5114a91df55c09b51cd13246967ff0f245cc87,34520559493
/services/lot-evaluation/caldwell,1440,True,5,0,0,0,0d5114a91df55c09b51cd13246967ff0f245cc87,34520559493
/services/lot-evaluation/caldwell,1920,True,5,0,0,0,0d5114a91df55c09b51cd13246967ff0f245cc87,34520559493
/services/lot-evaluation/eagle,320,True,5,0,0,0,0d5114a91df55c09b51cd13246967ff0f245cc87,34520559493
/services/lot-evaluation/eagle,390,True,5,0,0,0,0d5114a91df55c09b51cd13246967ff0f245cc87,34520559493
/services/lot-evaluation/eagle,430,True,5,0,0,0,0d5114a91df55c09b51cd13246967ff0f245cc87,34520559493
/services/lot-evaluation/eagle,600,True,5,0,0,0,0d5114a91df55c09b51cd13246967ff0f245cc87,34520559493
/services/lot-evaluation/eagle,768,True,5,0,0,0,0d5114a91df55c09b51cd13246967ff0f245cc87,34520559493
/services/lot-evaluation/eagle,1024,True,5,0,0,0,0d5114a91df55c09b51cd13246967ff0f245cc87,34520559493
/services/lot-evaluation/eagle,1366,True,5,0,0,0,0d5114a91df55c09b51cd13246967ff0f245cc87,34520559493
/services/lot-evaluation/eagle,1440,True,5,0,0,0,0d5114a91df55c09b51cd13246967ff0f245cc87,34520559493
/services/lot-evaluation/eagle,1920,True,5,0,0,0,0d5114a91df55c09b51cd13246967ff0f245cc87,34520559493
/services/lot-evaluation/garden-city,320,True,5,0,0,0,0d5114a91df55c09b51cd13246967ff0f245cc87,34520559493
/services/lot-evaluation/garden-city,390,True,5,0,0,0,0d5114a91df55c09b51cd13246967ff0f245cc87,34520559493
/services/lot-evaluation/garden-city,430,True,5,0,0,0,0d5114a91df55c09b51cd13246967ff0f245cc87,34520559493
/services/lot-evaluation/garden-city,600,True,5,0,0,0,0d5114a91df55c09b51cd13246967ff0f245cc87,34520559493
/services/lot-evaluation/garden-city,768,True,5,0,0,0,0d5114a91df55c09b51cd13246967ff0f245cc87,34520559493
/services/lot-evaluation/garden-city,1024,True,5,0,0,0,0d5114a91df55c09b51cd13246967ff0f245cc87,34520559493
/services/lot-evaluation/garden-city,1366,True,5,0,0,0,0d5114a91df55c09b51cd13246967ff0f245cc87,34520559493
/services/lot-evaluation/garden-city,1440,True,5,0,0,0,0d5114a91df55c09b51cd13246967ff0f245cc87,34520559493
/services/lot-evaluation/garden-city,1920,True,5,0,0,0,0d5114a91df55c09b51cd13246967ff0f245cc87,34520559493
/services/lot-evaluation/kuna,320,True,5,0,0,0,0d5114a91df55c09b51cd13246967ff0f245cc87,34520559493
/services/lot-evaluation/kuna,390,True,5,0,0,0,0d5114a91df55c09b51cd13246967ff0f245cc87,34520559493
/services/lot-evaluation/kuna,430,True,5,0,0,0,0d5114a91df55c09b51cd13246967ff0f245cc87,34520559493
/services/lot-evaluation/kuna,600,True,5,0,0,0,0d5114a91df55c09b51cd13246967ff0f245cc87,34520559493
/services/lot-evaluation/kuna,768,True,5,0,0,0,0d5114a91df55c09b51cd13246967ff0f245cc87,34520559493
/services/lot-evaluation/kuna,1024,True,5,0,0,0,0d5114a91df55c09b51cd13246967ff0f245cc87,34520559493
/services/lot-evaluation/kuna,1366,True,5,0,0,0,0d5114a91df55c09b51cd13246967ff0f245cc87,34520559493
/services/lot-evaluation/kuna,1440,True,5,0,0,0,0d5114a91df55c09b51cd13246967ff0f245cc87,34520559493
/services/lot-evaluation/kuna,1920,True,5,0,0,0,0d5114a91df55c09b51cd13246967ff0f245cc87,34520559493
/services/lot-evaluation/meridian,320,True,5,0,0,0,0d5114a91df55c09b51cd13246967ff0f245cc87,34520559493
/services/lot-evaluation/meridian,390,True,5,0,0,0,0d5114a91df55c09b51cd13246967ff0f245cc87,34520559493
/services/lot-evaluation/meridian,430,True,5,0,0,0,0d5114a91df55c09b51cd13246967ff0f245cc87,34520559493
/services/lot-evaluation/meridian,600,True,5,0,0,0,0d5114a91df55c09b51cd13246967ff0f245cc87,34520559493
/services/lot-evaluation/meridian,768,True,5,0,0,0,0d5114a91df55c09b51cd13246967ff0f245cc87,34520559493
/services/lot-evaluation/meridian,1024,True,5,0,0,0,0d5114a91df55c09b51cd13246967ff0f245cc87,34520559493
/services/lot-evaluation/meridian,1366,True,5,0,0,0,0d5114a91df55c09b51cd13246967ff0f245cc87,34520559493
/services/lot-evaluation/meridian,1440,True,5,0,0,0,0d5114a91df55c09b51cd13246967ff0f245cc87,34520559493
/services/lot-evaluation/meridian,1920,True,5,0,0,0,0d5114a91df55c09b51cd13246967ff0f245cc87,34520559493
/services/lot-evaluation/middleton,320,True,5,0,0,0,0d5114a91df55c09b51cd13246967ff0f245cc87,34520559493
/services/lot-evaluation/middleton,390,True,5,0,0,0,0d5114a91df55c09b51cd13246967ff0f245cc87,34520559493
/services/lot-evaluation/middleton,430,True,5,0,0,0,0d5114a91df55c09b51cd13246967ff0f245cc87,34520559493
/services/lot-evaluation/middleton,600,True,5,0,0,0,0d5114a91df55c09b51cd13246967ff0f245cc87,34520559493
/services/lot-evaluation/middleton,768,True,5,0,0,0,0d5114a91df55c09b51cd13246967ff0f245cc87,34520559493
/services/lot-evaluation/middleton,1024,True,5,0,0,0,0d5114a91df55c09b51cd13246967ff0f245cc87,34520559493
/services/lot-evaluation/middleton,1366,True,5,0,0,0,0d5114a91df55c09b51cd13246967ff0f245cc87,34520559493
/services/lot-evaluation/middleton,1440,True,5,0,0,0,0d5114a91df55c09b51cd13246967ff0f245cc87,34520559493
/services/lot-evaluation/middleton,1920,True,5,0,0,0,0d5114a91df55c09b51cd13246967ff0f245cc87,34520559493
/services/lot-evaluation/nampa,320,True,5,0,0,0,0d5114a91df55c09b51cd13246967ff0f245cc87,34520559493
/services/lot-evaluation/nampa,390,True,5,0,0,0,0d5114a91df55c09b51cd13246967ff0f245cc87,34520559493
/services/lot-evaluation/nampa,430,True,5,0,0,0,0d5114a91df55c09b51cd13246967ff0f245cc87,34520559493
/services/lot-evaluation/nampa,600,True,5,0,0,0,0d5114a91df55c09b51cd13246967ff0f245cc87,34520559493
/services/lot-evaluation/nampa,768,True,5,0,0,0,0d5114a91df55c09b51cd13246967ff0f245cc87,34520559493
/services/lot-evaluation/nampa,1024,True,5,0,0,0,0d5114a91df55c09b51cd13246967ff0f245cc87,34520559493
/services/lot-evaluation/nampa,1366,True,5,0,0,0,0d5114a91df55c09b51cd13246967ff0f245cc87,34520559493
/services/lot-evaluation/nampa,1440,True,5,0,0,0,0d5114a91df55c09b51cd13246967ff0f245cc87,34520559493
/services/lot-evaluation/nampa,1920,True,5,0,0,0,0d5114a91df55c09b51cd13246967ff0f245cc87,34520559493
/services/lot-evaluation/star,320,True,5,0,0,0,0d5114a91df55c09b51cd13246967ff0f245cc87,34520559493
/services/lot-evaluation/star,390,True,5,0,0,0,0d5114a91df55c09b51cd13246967ff0f245cc87,34520559493
/services/lot-evaluation/star,430,True,5,0,0,0,0d5114a91df55c09b51cd13246967ff0f245cc87,34520559493
/services/lot-evaluation/star,600,True,5,0,0,0,0d5114a91df55c09b51cd13246967ff0f245cc87,34520559493
/services/lot-evaluation/star,768,True,5,0,0,0,0d5114a91df55c09b51cd13246967ff0f245cc87,34520559493
/services/lot-evaluation/star,1024,True,5,0,0,0,0d5114a91df55c09b51cd13246967ff0f245cc87,34520559493
/services/lot-evaluation/star,1366,True,5,0,0,0,0d5114a91df55c09b51cd13246967ff0f245cc87,34520559493
/services/lot-evaluation/star,1440,True,5,0,0,0,0d5114a91df55c09b51cd13246967ff0f245cc87,34520559493
/services/lot-evaluation/star,1920,True,5,0,0,0,0d5114a91df55c09b51cd13246967ff0f245cc87,34520559493
/services/semi-custom-homes,320,True,5,0,0,0,0d5114a91df55c09b51cd13246967ff0f245cc87,34520559493
/services/semi-custom-homes,390,True,5,0,0,0,0d5114a91df55c09b51cd13246967ff0f245cc87,34520559493
/services/semi-custom-homes,430,True,5,0,0,0,0d5114a91df55c09b51cd13246967ff0f245cc87,34520559493
/services/semi-custom-homes,600,True,5,0,0,0,0d5114a91df55c09b51cd13246967ff0f245cc87,34520559493
/services/semi-custom-homes,768,True,5,0,0,0,0d5114a91df55c09b51cd13246967ff0f245cc87,34520559493
/services/semi-custom-homes,1024,True,5,0,0,0,0d5114a91df55c09b51cd13246967ff0f245cc87,34520559493
/services/semi-custom-homes,1366,True,5,0,0,0,0d5114a91df55c09b51cd13246967ff0f245cc87,34520559493
/services/semi-custom-homes,1440,True,5,0,0,0,0d5114a91df55c09b51cd13246967ff0f245cc87,34520559493
/services/semi-custom-homes,1920,True,5,0,0,0,0d5114a91df55c09b51cd13246967ff0f245cc87,34520559493
/services/semi-custom-homes/boise,320,True,5,0,0,0,0d5114a91df55c09b51cd13246967ff0f245cc87,34520559493
/services/semi-custom-homes/boise,390,True,5,0,0,0,0d5114a91df55c09b51cd13246967ff0f245cc87,34520559493
/services/semi-custom-homes/boise,430,True,5,0,0,0,0d5114a91df55c09b51cd13246967ff0f245cc87,34520559493
/services/semi-custom-homes/boise,600,True,5,0,0,0,0d5114a91df55c09b51cd13246967ff0f245cc87,34520559493
/services/semi-custom-homes/boise,768,True,5,0,0,0,0d5114a91df55c09b51cd13246967ff0f245cc87,34520559493
/services/semi-custom-homes/boise,1024,True,5,0,0,0,0d5114a91df55c09b51cd13246967ff0f245cc87,34520559493
/services/semi-custom-homes/boise,1366,True,5,0,0,0,0d5114a91df55c09b51cd13246967ff0f245cc87,34520559493
/services/semi-custom-homes/boise,1440,True,5,0,0,0,0d5114a91df55c09b51cd13246967ff0f245cc87,34520559493
/services/semi-custom-homes/boise,1920,True,5,0,0,0,0d5114a91df55c09b51cd13246967ff0f245cc87,34520559493
/services/semi-custom-homes/caldwell,320,True,5,0,0,0,0d5114a91df55c09b51cd13246967ff0f245cc87,34520559493
/services/semi-custom-homes/caldwell,390,True,5,0,0,0,0d5114a91df55c09b51cd13246967ff0f245cc87,34520559493
/services/semi-custom-homes/caldwell,430,True,5,0,0,0,0d5114a91df55c09b51cd13246967ff0f245cc87,34520559493
/services/semi-custom-homes/caldwell,600,True,5,0,0,0,0d5114a91df55c09b51cd13246967ff0f245cc87,34520559493
/services/semi-custom-homes/caldwell,768,True,5,0,0,0,0d5114a91df55c09b51cd13246967ff0f245cc87,34520559493
/services/semi-custom-homes/caldwell,1024,True,5,0,0,0,0d5114a91df55c09b51cd13246967ff0f245cc87,34520559493
/services/semi-custom-homes/caldwell,1366,True,5,0,0,0,0d5114a91df55c09b51cd13246967ff0f245cc87,34520559493
/services/semi-custom-homes/caldwell,1440,True,5,0,0,0,0d5114a91df55c09b51cd13246967ff0f245cc87,34520559493
/services/semi-custom-homes/caldwell,1920,True,5,0,0,0,0d5114a91df55c09b51cd13246967ff0f245cc87,34520559493
/services/semi-custom-homes/eagle,320,True,5,0,0,0,0d5114a91df55c09b51cd13246967ff0f245cc87,34520559493
/services/semi-custom-homes/eagle,390,True,5,0,0,0,0d5114a91df55c09b51cd13246967ff0f245cc87,34520559493
/services/semi-custom-homes/eagle,430,True,5,0,0,0,0d5114a91df55c09b51cd13246967ff0f245cc87,34520559493
/services/semi-custom-homes/eagle,600,True,5,0,0,0,0d5114a91df55c09b51cd13246967ff0f245cc87,34520559493
/services/semi-custom-homes/eagle,768,True,5,0,0,0,0d5114a91df55c09b51cd13246967ff0f245cc87,34520559493
/services/semi-custom-homes/eagle,1024,True,5,0,0,0,0d5114a91df55c09b51cd13246967ff0f245cc87,34520559493
/services/semi-custom-homes/eagle,1366,True,5,0,0,0,0d5114a91df55c09b51cd13246967ff0f245cc87,34520559493
/services/semi-custom-homes/eagle,1440,True,5,0,0,0,0d5114a91df55c09b51cd13246967ff0f245cc87,34520559493
/services/semi-custom-homes/eagle,1920,True,5,0,0,0,0d5114a91df55c09b51cd13246967ff0f245cc87,34520559493
/services/semi-custom-homes/garden-city,320,True,5,0,0,0,0d5114a91df55c09b51cd13246967ff0f245cc87,34520559493
/services/semi-custom-homes/garden-city,390,True,5,0,0,0,0d5114a91df55c09b51cd13246967ff0f245cc87,34520559493
/services/semi-custom-homes/garden-city,430,True,5,0,0,0,0d5114a91df55c09b51cd13246967ff0f245cc87,34520559493
/services/semi-custom-homes/garden-city,600,True,5,0,0,0,0d5114a91df55c09b51cd13246967ff0f245cc87,34520559493
/services/semi-custom-homes/garden-city,768,True,5,0,0,0,0d5114a91df55c09b51cd13246967ff0f245cc87,34520559493
/services/semi-custom-homes/garden-city,1024,True,5,0,0,0,0d5114a91df55c09b51cd13246967ff0f245cc87,34520559493
/services/semi-custom-homes/garden-city,1366,True,5,0,0,0,0d5114a91df55c09b51cd13246967ff0f245cc87,34520559493
/services/semi-custom-homes/garden-city,1440,True,5,0,0,0,0d5114a91df55c09b51cd13246967ff0f245cc87,34520559493
/services/semi-custom-homes/garden-city,1920,True,5,0,0,0,0d5114a91df55c09b51cd13246967ff0f245cc87,34520559493
/services/semi-custom-homes/kuna,320,True,5,0,0,0,0d5114a91df55c09b51cd13246967ff0f245cc87,34520559493
/services/semi-custom-homes/kuna,390,True,5,0,0,0,0d5114a91df55c09b51cd13246967ff0f245cc87,34520559493
/services/semi-custom-homes/kuna,430,True,5,0,0,0,0d5114a91df55c09b51cd13246967ff0f245cc87,34520559493
/services/semi-custom-homes/kuna,600,True,5,0,0,0,0d5114a91df55c09b51cd13246967ff0f245cc87,34520559493
/services/semi-custom-homes/kuna,768,True,5,0,0,0,0d5114a91df55c09b51cd13246967ff0f245cc87,34520559493
/services/semi-custom-homes/kuna,1024,True,5,0,0,0,0d5114a91df55c09b51cd13246967ff0f245cc87,34520559493
/services/semi-custom-homes/kuna,1366,True,5,0,0,0,0d5114a91df55c09b51cd13246967ff0f245cc87,34520559493
/services/semi-custom-homes/kuna,1440,True,5,0,0,0,0d5114a91df55c09b51cd13246967ff0f245cc87,34520559493
/services/semi-custom-homes/kuna,1920,True,5,0,0,0,0d5114a91df55c09b51cd13246967ff0f245cc87,34520559493
/services/semi-custom-homes/meridian,320,True,5,0,0,0,0d5114a91df55c09b51cd13246967ff0f245cc87,34520559493
/services/semi-custom-homes/meridian,390,True,5,0,0,0,0d5114a91df55c09b51cd13246967ff0f245cc87,34520559493
/services/semi-custom-homes/meridian,430,True,5,0,0,0,0d5114a91df55c09b51cd13246967ff0f245cc87,34520559493
/services/semi-custom-homes/meridian,600,True,5,0,0,0,0d5114a91df55c09b51cd13246967ff0f245cc87,34520559493
/services/semi-custom-homes/meridian,768,True,5,0,0,0,0d5114a91df55c09b51cd13246967ff0f245cc87,34520559493
/services/semi-custom-homes/meridian,1024,True,5,0,0,0,0d5114a91df55c09b51cd13246967ff0f245cc87,34520559493
/services/semi-custom-homes/meridian,1366,True,5,0,0,0,0d5114a91df55c09b51cd13246967ff0f245cc87,34520559493
/services/semi-custom-homes/meridian,1440,True,5,0,0,0,0d5114a91df55c09b51cd13246967ff0f245cc87,34520559493
/services/semi-custom-homes/meridian,1920,True,5,0,0,0,0d5114a91df55c09b51cd13246967ff0f245cc87,34520559493
/services/semi-custom-homes/middleton,320,True,5,0,0,0,0d5114a91df55c09b51cd13246967ff0f245cc87,34520559493
/services/semi-custom-homes/middleton,390,True,5,0,0,0,0d5114a91df55c09b51cd13246967ff0f245cc87,34520559493
/services/semi-custom-homes/middleton,430,True,5,0,0,0,0d5114a91df55c09b51cd13246967ff0f245cc87,34520559493
/services/semi-custom-homes/middleton,600,True,5,0,0,0,0d5114a91df55c09b51cd13246967ff0f245cc87,34520559493
/services/semi-custom-homes/middleton,768,True,5,0,0,0,0d5114a91df55c09b51cd13246967ff0f245cc87,34520559493
/services/semi-custom-homes/middleton,1024,True,5,0,0,0,0d5114a91df55c09b51cd13246967ff0f245cc87,34520559493
/services/semi-custom-homes/middleton,1366,True,5,0,0,0,0d5114a91df55c09b51cd13246967ff0f245cc87,34520559493
/services/semi-custom-homes/middleton,1440,True,5,0,0,0,0d5114a91df55c09b51cd13246967ff0f245cc87,34520559493
/services/semi-custom-homes/middleton,1920,True,5,0,0,0,0d5114a91df55c09b51cd13246967ff0f245cc87,34520559493
/services/semi-custom-homes/nampa,320,True,5,0,0,0,0d5114a91df55c09b51cd13246967ff0f245cc87,34520559493
/services/semi-custom-homes/nampa,390,True,5,0,0,0,0d5114a91df55c09b51cd13246967ff0f245cc87,34520559493
/services/semi-custom-homes/nampa,430,True,5,0,0,0,0d5114a91df55c09b51cd13246967ff0f245cc87,34520559493
/services/semi-custom-homes/nampa,600,True,5,0,0,0,0d5114a91df55c09b51cd13246967ff0f245cc87,34520559493
/services/semi-custom-homes/nampa,768,True,5,0,0,0,0d5114a91df55c09b51cd13246967ff0f245cc87,34520559493
/services/semi-custom-homes/nampa,1024,True,5,0,0,0,0d5114a91df55c09b51cd13246967ff0f245cc87,34520559493
/services/semi-custom-homes/nampa,1366,True,5,0,0,0,0d5114a91df55c09b51cd13246967ff0f245cc87,34520559493
/services/semi-custom-homes/nampa,1440,True,5,0,0,0,0d5114a91df55c09b51cd13246967ff0f245cc87,34520559493
/services/semi-custom-homes/nampa,1920,True,5,0,0,0,0d5114a91df55c09b51cd13246967ff0f245cc87,34520559493
/services/semi-custom-homes/star,320,True,5,0,0,0,0d5114a91df55c09b51cd13246967ff0f245cc87,34520559493
/services/semi-custom-homes/star,390,True,5,0,0,0,0d5114a91df55c09b51cd13246967ff0f245cc87,34520559493
/services/semi-custom-homes/star,430,True,5,0,0,0,0d5114a91df55c09b51cd13246967ff0f245cc87,34520559493
/services/semi-custom-homes/star,600,True,5,0,0,0,0d5114a91df55c09b51cd13246967ff0f245cc87,34520559493
/services/semi-custom-homes/star,768,True,5,0,0,0,0d5114a91df55c09b51cd13246967ff0f245cc87,34520559493
/services/semi-custom-homes/star,1024,True,5,0,0,0,0d5114a91df55c09b51cd13246967ff0f245cc87,34520559493
/services/semi-custom-homes/star,1366,True,5,0,0,0,0d5114a91df55c09b51cd13246967ff0f245cc87,34520559493
/services/semi-custom-homes/star,1440,True,5,0,0,0,0d5114a91df55c09b51cd13246967ff0f245cc87,34520559493
/services/semi-custom-homes/star,1920,True,5,0,0,0,0d5114a91df55c09b51cd13246967ff0f245cc87,34520559493
/services/shop-homes-barndominiums,320,True,5,0,0,0,0d5114a91df55c09b51cd13246967ff0f245cc87,34520559493
/services/shop-homes-barndominiums,390,True,5,0,0,0,0d5114a91df55c09b51cd13246967ff0f245cc87,34520559493
/services/shop-homes-barndominiums,430,True,5,0,0,0,0d5114a91df55c09b51cd13246967ff0f245cc87,34520559493
/services/shop-homes-barndominiums,600,True,5,0,0,0,0d5114a91df55c09b51cd13246967ff0f245cc87,34520559493
/services/shop-homes-barndominiums,768,True,5,0,0,0,0d5114a91df55c09b51cd13246967ff0f245cc87,34520559493
/services/shop-homes-barndominiums,1024,True,5,0,0,0,0d5114a91df55c09b51cd13246967ff0f245cc87,34520559493
/services/shop-homes-barndominiums,1366,True,5,0,0,0,0d5114a91df55c09b51cd13246967ff0f245cc87,34520559493
/services/shop-homes-barndominiums,1440,True,5,0,0,0,0d5114a91df55c09b51cd13246967ff0f245cc87,34520559493
/services/shop-homes-barndominiums,1920,True,5,0,0,0,0d5114a91df55c09b51cd13246967ff0f245cc87,34520559493
/services/shop-homes-barndominiums/boise,320,True,5,0,0,0,0d5114a91df55c09b51cd13246967ff0f245cc87,34520559493
/services/shop-homes-barndominiums/boise,390,True,5,0,0,0,0d5114a91df55c09b51cd13246967ff0f245cc87,34520559493
/services/shop-homes-barndominiums/boise,430,True,5,0,0,0,0d5114a91df55c09b51cd13246967ff0f245cc87,34520559493
/services/shop-homes-barndominiums/boise,600,True,5,0,0,0,0d5114a91df55c09b51cd13246967ff0f245cc87,34520559493
/services/shop-homes-barndominiums/boise,768,True,5,0,0,0,0d5114a91df55c09b51cd13246967ff0f245cc87,34520559493
/services/shop-homes-barndominiums/boise,1024,True,5,0,0,0,0d5114a91df55c09b51cd13246967ff0f245cc87,34520559493
/services/shop-homes-barndominiums/boise,1366,True,5,0,0,0,0d5114a91df55c09b51cd13246967ff0f245cc87,34520559493
/services/shop-homes-barndominiums/boise,1440,True,5,0,0,0,0d5114a91df55c09b51cd13246967ff0f245cc87,34520559493
/services/shop-homes-barndominiums/boise,1920,True,5,0,0,0,0d5114a91df55c09b51cd13246967ff0f245cc87,34520559493
/services/shop-homes-barndominiums/caldwell,320,True,5,0,0,0,0d5114a91df55c09b51cd13246967ff0f245cc87,34520559493
/services/shop-homes-barndominiums/caldwell,390,True,5,0,0,0,0d5114a91df55c09b51cd13246967ff0f245cc87,34520559493
/services/shop-homes-barndominiums/caldwell,430,True,5,0,0,0,0d5114a91df55c09b51cd13246967ff0f245cc87,34520559493
/services/shop-homes-barndominiums/caldwell,600,True,5,0,0,0,0d5114a91df55c09b51cd13246967ff0f245cc87,34520559493
/services/shop-homes-barndominiums/caldwell,768,True,5,0,0,0,0d5114a91df55c09b51cd13246967ff0f245cc87,34520559493
/services/shop-homes-barndominiums/caldwell,1024,True,5,0,0,0,0d5114a91df55c09b51cd13246967ff0f245cc87,34520559493
/services/shop-homes-barndominiums/caldwell,1366,True,5,0,0,0,0d5114a91df55c09b51cd13246967ff0f245cc87,34520559493
/services/shop-homes-barndominiums/caldwell,1440,True,5,0,0,0,0d5114a91df55c09b51cd13246967ff0f245cc87,34520559493
/services/shop-homes-barndominiums/caldwell,1920,True,5,0,0,0,0d5114a91df55c09b51cd13246967ff0f245cc87,34520559493
/services/shop-homes-barndominiums/eagle,320,True,5,0,0,0,0d5114a91df55c09b51cd13246967ff0f245cc87,34520559493
/services/shop-homes-barndominiums/eagle,390,True,5,0,0,0,0d5114a91df55c09b51cd13246967ff0f245cc87,34520559493
/services/shop-homes-barndominiums/eagle,430,True,5,0,0,0,0d5114a91df55c09b51cd13246967ff0f245cc87,34520559493
/services/shop-homes-barndominiums/eagle,600,True,5,0,0,0,0d5114a91df55c09b51cd13246967ff0f245cc87,34520559493
/services/shop-homes-barndominiums/eagle,768,True,5,0,0,0,0d5114a91df55c09b51cd13246967ff0f245cc87,34520559493
/services/shop-homes-barndominiums/eagle,1024,True,5,0,0,0,0d5114a91df55c09b51cd13246967ff0f245cc87,34520559493
/services/shop-homes-barndominiums/eagle,1366,True,5,0,0,0,0d5114a91df55c09b51cd13246967ff0f245cc87,34520559493
/services/shop-homes-barndominiums/eagle,1440,True,5,0,0,0,0d5114a91df55c09b51cd13246967ff0f245cc87,34520559493
/services/shop-homes-barndominiums/eagle,1920,True,5,0,0,0,0d5114a91df55c09b51cd13246967ff0f245cc87,34520559493
/services/shop-homes-barndominiums/garden-city,320,True,5,0,0,0,0d5114a91df55c09b51cd13246967ff0f245cc87,34520559493
/services/shop-homes-barndominiums/garden-city,390,True,5,0,0,0,0d5114a91df55c09b51cd13246967ff0f245cc87,34520559493
/services/shop-homes-barndominiums/garden-city,430,True,5,0,0,0,0d5114a91df55c09b51cd13246967ff0f245cc87,34520559493
/services/shop-homes-barndominiums/garden-city,600,True,5,0,0,0,0d5114a91df55c09b51cd13246967ff0f245cc87,34520559493
/services/shop-homes-barndominiums/garden-city,768,True,5,0,0,0,0d5114a91df55c09b51cd13246967ff0f245cc87,34520559493
/services/shop-homes-barndominiums/garden-city,1024,True,5,0,0,0,0d5114a91df55c09b51cd13246967ff0f245cc87,34520559493
/services/shop-homes-barndominiums/garden-city,1366,True,5,0,0,0,0d5114a91df55c09b51cd13246967ff0f245cc87,34520559493
/services/shop-homes-barndominiums/garden-city,1440,True,5,0,0,0,0d5114a91df55c09b51cd13246967ff0f245cc87,34520559493
/services/shop-homes-barndominiums/garden-city,1920,True,5,0,0,0,0d5114a91df55c09b51cd13246967ff0f245cc87,34520559493
/services/shop-homes-barndominiums/kuna,320,True,5,0,0,0,0d5114a91df55c09b51cd13246967ff0f245cc87,34520559493
/services/shop-homes-barndominiums/kuna,390,True,5,0,0,0,0d5114a91df55c09b51cd13246967ff0f245cc87,34520559493
/services/shop-homes-barndominiums/kuna,430,True,5,0,0,0,0d5114a91df55c09b51cd13246967ff0f245cc87,34520559493
/services/shop-homes-barndominiums/kuna,600,True,5,0,0,0,0d5114a91df55c09b51cd13246967ff0f245cc87,34520559493
/services/shop-homes-barndominiums/kuna,768,True,5,0,0,0,0d5114a91df55c09b51cd13246967ff0f245cc87,34520559493
/services/shop-homes-barndominiums/kuna,1024,True,5,0,0,0,0d5114a91df55c09b51cd13246967ff0f245cc87,34520559493
/services/shop-homes-barndominiums/kuna,1366,True,5,0,0,0,0d5114a91df55c09b51cd13246967ff0f245cc87,34520559493
/services/shop-homes-barndominiums/kuna,1440,True,5,0,0,0,0d5114a91df55c09b51cd13246967ff0f245cc87,34520559493
/services/shop-homes-barndominiums/kuna,1920,True,5,0,0,0,0d5114a91df55c09b51cd13246967ff0f245cc87,34520559493
/services/shop-homes-barndominiums/meridian,320,True,5,0,0,0,0d5114a91df55c09b51cd13246967ff0f245cc87,34520559493
/services/shop-homes-barndominiums/meridian,390,True,5,0,0,0,0d5114a91df55c09b51cd13246967ff0f245cc87,34520559493
/services/shop-homes-barndominiums/meridian,430,True,5,0,0,0,0d5114a91df55c09b51cd13246967ff0f245cc87,34520559493
/services/shop-homes-barndominiums/meridian,600,True,5,0,0,0,0d5114a91df55c09b51cd13246967ff0f245cc87,34520559493
/services/shop-homes-barndominiums/meridian,768,True,5,0,0,0,0d5114a91df55c09b51cd13246967ff0f245cc87,34520559493
/services/shop-homes-barndominiums/meridian,1024,True,5,0,0,0,0d5114a91df55c09b51cd13246967ff0f245cc87,34520559493
/services/shop-homes-barndominiums/meridian,1366,True,5,0,0,0,0d5114a91df55c09b51cd13246967ff0f245cc87,34520559493
/services/shop-homes-barndominiums/meridian,1440,True,5,0,0,0,0d5114a91df55c09b51cd13246967ff0f245cc87,34520559493
/services/shop-homes-barndominiums/meridian,1920,True,5,0,0,0,0d5114a91df55c09b51cd13246967ff0f245cc87,34520559493
/services/shop-homes-barndominiums/middleton,320,True,5,0,0,0,0d5114a91df55c09b51cd13246967ff0f245cc87,34520559493
/services/shop-homes-barndominiums/middleton,390,True,5,0,0,0,0d5114a91df55c09b51cd13246967ff0f245cc87,34520559493
/services/shop-homes-barndominiums/middleton,430,True,5,0,0,0,0d5114a91df55c09b51cd13246967ff0f245cc87,34520559493
/services/shop-homes-barndominiums/middleton,600,True,5,0,0,0,0d5114a91df55c09b51cd13246967ff0f245cc87,34520559493
/services/shop-homes-barndominiums/middleton,768,True,5,0,0,0,0d5114a91df55c09b51cd13246967ff0f245cc87,34520559493
/services/shop-homes-barndominiums/middleton,1024,True,5,0,0,0,0d5114a91df55c09b51cd13246967ff0f245cc87,34520559493
/services/shop-homes-barndominiums/middleton,1366,True,5,0,0,0,0d5114a91df55c09b51cd13246967ff0f245cc87,34520559493
/services/shop-homes-barndominiums/middleton,1440,True,5,0,0,0,0d5114a91df55c09b51cd13246967ff0f245cc87,34520559493
/services/shop-homes-barndominiums/middleton,1920,True,5,0,0,0,0d5114a91df55c09b51cd13246967ff0f245cc87,34520559493
/services/shop-homes-barndominiums/nampa,320,True,5,0,0,0,0d5114a91df55c09b51cd13246967ff0f245cc87,34520559493
/services/shop-homes-barndominiums/nampa,390,True,5,0,0,0,0d5114a91df55c09b51cd13246967ff0f245cc87,34520559493
/services/shop-homes-barndominiums/nampa,430,True,5,0,0,0,0d5114a91df55c09b51cd13246967ff0f245cc87,34520559493
/services/shop-homes-barndominiums/nampa,600,True,5,0,0,0,0d5114a91df55c09b51cd13246967ff0f245cc87,34520559493
/services/shop-homes-barndominiums/nampa,768,True,5,0,0,0,0d5114a91df55c09b51cd13246967ff0f245cc87,34520559493
/services/shop-homes-barndominiums/nampa,1024,True,5,0,0,0,0d5114a91df55c09b51cd13246967ff0f245cc87,34520559493
/services/shop-homes-barndominiums/nampa,1366,True,5,0,0,0,0d5114a91df55c09b51cd13246967ff0f245cc87,34520559493
/services/shop-homes-barndominiums/nampa,1440,True,5,0,0,0,0d5114a91df55c09b51cd13246967ff0f245cc87,34520559493
/services/shop-homes-barndominiums/nampa,1920,True,5,0,0,0,0d5114a91df55c09b51cd13246967ff0f245cc87,34520559493
/services/shop-homes-barndominiums/star,320,True,5,0,0,0,0d5114a91df55c09b51cd13246967ff0f245cc87,34520559493
/services/shop-homes-barndominiums/star,390,True,5,0,0,0,0d5114a91df55c09b51cd13246967ff0f245cc87,34520559493
/services/shop-homes-barndominiums/star,430,True,5,0,0,0,0d5114a91df55c09b51cd13246967ff0f245cc87,34520559493
/services/shop-homes-barndominiums/star,600,True,5,0,0,0,0d5114a91df55c09b51cd13246967ff0f245cc87,34520559493
/services/shop-homes-barndominiums/star,768,True,5,0,0,0,0d5114a91df55c09b51cd13246967ff0f245cc87,34520559493
/services/shop-homes-barndominiums/star,1024,True,5,0,0,0,0d5114a91df55c09b51cd13246967ff0f245cc87,34520559493
/services/shop-homes-barndominiums/star,1366,True,5,0,0,0,0d5114a91df55c09b51cd13246967ff0f245cc87,34520559493
/services/shop-homes-barndominiums/star,1440,True,5,0,0,0,0d5114a91df55c09b51cd13246967ff0f245cc87,34520559493
/services/shop-homes-barndominiums/star,1920,True,5,0,0,0,0d5114a91df55c09b51cd13246967ff0f245cc87,34520559493
/sitemap,320,True,2,0,0,0,0d5114a91df55c09b51cd13246967ff0f245cc87,34520559493
/sitemap,390,True,2,0,0,0,0d5114a91df55c09b51cd13246967ff0f245cc87,34520559493
/sitemap,430,True,2,0,0,0,0d5114a91df55c09b51cd13246967ff0f245cc87,34520559493
/sitemap,600,True,2,0,0,0,0d5114a91df55c09b51cd13246967ff0f245cc87,34520559493
/sitemap,768,True,2,0,0,0,0d5114a91df55c09b51cd13246967ff0f245cc87,34520559493
/sitemap,1024,True,2,0,0,0,0d5114a91df55c09b51cd13246967ff0f245cc87,34520559493
/sitemap,1366,True,2,0,0,0,0d5114a91df55c09b51cd13246967ff0f245cc87,34520559493
/sitemap,1440,True,2,0,0,0,0d5114a91df55c09b51cd13246967ff0f245cc87,34520559493
/sitemap,1920,True,2,0,0,0,0d5114a91df55c09b51cd13246967ff0f245cc87,34520559493
/terms-of-service,320,True,2,0,0,0,0d5114a91df55c09b51cd13246967ff0f245cc87,34520559493
/terms-of-service,390,True,2,0,0,0,0d5114a91df55c09b51cd13246967ff0f245cc87,34520559493
/terms-of-service,430,True,2,0,0,0,0d5114a91df55c09b51cd13246967ff0f245cc87,34520559493
/terms-of-service,600,True,2,0,0,0,0d5114a91df55c09b51cd13246967ff0f245cc87,34520559493
/terms-of-service,768,True,2,0,0,0,0d5114a91df55c09b51cd13246967ff0f245cc87,34520559493
/terms-of-service,1024,True,2,0,0,0,0d5114a91df55c09b51cd13246967ff0f245cc87,34520559493
/terms-of-service,1366,True,2,0,0,0,0d5114a91df55c09b51cd13246967ff0f245cc87,34520559493
/terms-of-service,1440,True,2,0,0,0,0d5114a91df55c09b51cd13246967ff0f245cc87,34520559493
/terms-of-service,1920,True,2,0,0,0,0d5114a91df55c09b51cd13246967ff0f245cc87,34520559493
